CREATE TABLE cafemenus (
  cafe_name VARCHAR(255) DEFAULT NULL,
  menu_items JSON DEFAULT NULL,
  UNIQUE (cafe_name)
);

INSERT INTO cafemenus VALUES ('금성다방','[\"금성라떼(카페라떼)\", \"아메리카노\", \"톰과 제리 치즈케이크\", \"유자차\", \"레몬 치즈케이크\", \"바닐라라떼\", \"헤이즐넛라떼\", \"카페모카\"]'),('꽃피앙','[\"화과자\", \"수제양갱\", \"구움찰떡\", \"아인슈페너\", \"말차크림라떼\", \"초코얼그레이\", \"쑥크림라떼\", \"청귤에이드\", \"자몽에이드\", \"블루레몬에이드\", \"히비스커스레몬에이드\", \"유자히비스커스\", \"유자카모마일\", \"허니자몽블랙티\", \"원앙라떼\", \"아메리카노\", \"카페라떼\", \"바닐라라떼\", \"라떼슈페너\", \"유자에이드\"]'),('내방','[\"아메리카노\", \"카푸치노\", \"카페라떼\", \"캐러멜라떼\", \"카페모카\", \"바닐라라떼\", \"키위주스\", \"키위&바나나주스\", \"레모네이드\", \"자몽에이드\", \"바나나 스무디\", \"딸기&바나나 스무디\", \"밀크티\", \"루이보스\", \"캐모마일\", \"얼 그레이\", \"초컬릿\", \"그린티라떼\", \"녹차\", \"레몬유자차\", \"고구마라떼\"]'),('요고프로즌요거트 공릉점','[\"소프트 아이스크림 플레인맛\", \"플레인 요거트 아이스크림 콘/컵\", \"트로피칼\", \"베리베리\", \"망고데이\", \"허니드림\", \"초코믹스\", \"아포카토\", \"플레이버 아이스크림\", \"청정농장 그릭요거트\", \"허니 그릭볼\", \"블루베리 그릭볼\", \"후르츠 그릭볼\", \"초코 그릭볼\", \"플레이버 그릭요거트\", \"요고세트\", \"프로즌 세트\", \"돼지바 메가컵 아이스크림\", \"구슬 아이스크림\", \"아메리카노\", \"카페 라떼\", \"바닐라 라떼\", \"카페 모카\", \"딸기 라떼\", \"과일맛 에이드\", \"얼그레이 티\", \"카모마일 티\", \"히비스커스 티\", \"붕어빵\"]'),('레인템포','[\"와인\", \"프렌치토스트\", \"아보카도 치킨샌드위치\", \"아메리칸 프렌치 콤보\", \"아보카도 치킨 샐러드\", \"심플브런치\", \"오리엔탈 샐러드 파스타\", \"루꼴라 프로슈토 오픈토스트\", \"스윗 갈릭 토스트\"]'),('트리플에이커피 공릉역점','[\"아메리카노 HOT\", \"아메리카노ICE\", \"초코첵스\", \"햄치즈 토스트\"]'),('도로시명품찹쌀꽈배기','[\"찹쌀꽈배기 3개\", \"청양(빅)핫도그\", \"옛날핫도그\", \"치즈볼\", \"팥도너츠\", \"팥볼(검정깨)\", \"게살고로케(파슬리)\", \"마약옥수수고로케(표시없음)\", \"앙치즈고로케(흰깨+검정깨)\", \"감자고로케(들깨)\", \"단호박고로케(검정깨)\", \"고구마고로케(자색고구마가루)\", \"고기야채고로케(파슬리+흰깨)\", \"김치야채고로케(파슬리+검정깨)\"]'),('트리킹즈커피 공릉점','[\"한방차\", \"이탈리안 에스프레소\", \"아메리카노\"]'),('와플 스타','[\"화이트크림\", \"초코크림\", \"딸기크림\", \"화이트크림+아이스크림\", \"초코크림+아이스크림\", \"딸기크림+아이스크림\", \"화이트크림+사과필링\", \"초코크림+사과필링\", \"딸기크림+사과필링\"]'),('유니온커피로스터','[\"아메리카노\", \"카페라떼\", \"솔트크림아메리카노\", \"바닐라라떼\", \"갸또 오 쇼콜라\", \"당근케이크\", \"청귤티\", \"레몬티\", \"케냐 커피(200G)\", \"콜롬비아 커피(200G)\", \"코스타리카 커피(200G)\"]'),('림공방카페','[\"아메리카노(스페셜티)\", \"대패빙수 버블티\", \"도자기 수업 체험\"]'),('찹쌀미친꽈배기 공릉점','[\"꽈배기3개\", \"모짜렐라치즈볼\", \"핫도그\", \"팥씨앗도넛츠\", \"게맛살고로케\", \"단호박고로케\", \"감자고로케\"]'),('스타벅스 월계이마트점','[\"복숭아 아이스 티\", \"런던 포그 티 라떼\", \"더 멜론 오브 멜론 프라푸치노\", \"제주 팔삭 자몽 허니 블렌디드\", \"프렌치 바닐라 라떼\", \"복숭아 핫 티\", \"플랫 화이트\", \"카페 아메리카노\", \"카페 라떼\", \"스타벅스 돌체 라떼\", \"카페 모카\", \"카푸치노\", \"카라멜 마키아또\", \"커피 스타벅스 더블 샷\", \"바닐라 스타벅스 더블 샷\", \"헤이즐넛 스타벅스 더블 샷\", \"에스프레소\", \"에스프레소 마키아또\", \"에스프레소 콘 파나\", \"콜드 브루\", \"돌체 콜드 브루\", \"바닐라 크림 콜드 브루\", \"오트 콜드 브루\", \"블론드 플랫 화이트\", \"블론드 카페 아메리카노\", \"블론드 카페 라떼\", \"블론드 바닐라 더블 샷 마키아또\", \"블론드 스타벅스 돌체 라떼\", \"디카페인 플랫 화이트\", \"디카페인 카페 아메리카노\", \"디카페인 카페 라떼\", \"디카페인 스타벅스 돌체 라떼\", \"디카페인 카라멜 마키아또\", \"1/2디카페인 플랫 화이트\", \"1/2디카페인 스타벅스 돌체 라떼\", \"1/2디카페인 카라멜 마키아또\", \"1/2디카페인 카페 라떼\", \"1/2디카페인 카페 아메리카노\", \"얼 그레이 바닐라 티 라떼\", \"스타벅스 클래식 밀크 티\", \"차이 티 라떼\", \"제주 말차 라떼\", \"유자 민트 티\", \"자몽 허니 블랙 티\", \"제주 유기농 녹차로 만든 티\", \"잉글리쉬 브렉퍼스트 티\", \"얼 그레이 티\", \"유스베리 티\", \"히비스커스 블렌드 티\", \"민트 블렌드 티\", \"캐모마일 블렌드 티\", \"쿨 라임 피지오\", \"피치 딸기 피지오\", \"유자 패션 피지오\", \"망고 용과 레모네이드 스타벅스 리프레셔\", \"더블 에스프레소 칩 프라푸치노\", \"제주 말차 크림 프라푸치노\", \"자바 칩 프라푸치노\", \"초콜릿 크림 칩 프라푸치노\", \"카라멜 프라푸치노\", \"에스프레소 프라푸치노\", \"딸기 딜라이트 요거트 블렌디드\", \"망고 바나나 블렌디드\", \"망고 패션 티 블렌디드\", \"시그니처 핫 초콜릿\", \"스팀 우유\", \"우유\", \"우리 쌀 파우더\", \"딸기주스 190ML\", \"유기농 오렌지 100% 주스 190ML\", \"햇사과 주스 190ML\", \"망고주스 190ML\", \"한라봉주스 190ML\", \"블루베리 요거트 190ML\", \"에비앙 500ML\", \"페리에 라임 330ML\", \"유기농 스파클링 애플 주스 296ML\"]'),('오피셜커피','[\"아메리카노\", \"카페라떼\", \"바닐라라떼\", \"아인슈페너\", \"두유슈페너\", \"연유라떼\", \"초콜릿 라떼\", \"밀크티\", \"딸기라떼\", \"블루베리라떼\"]'),('미라쥬양과점 본점','[\"마들렌\", \"휘낭시에\", \"마카롱\", \"8구 선물세트\", \"쿠키 6구세트\", \"쿠키\", \"4구 선물세트\", \"12구 선물세트\", \"미라쥬종합세트\", \"아메리카노 hot/ice\", \"카페라떼 hot/ice\", \"바닐라라떼 hot/ice\", \"아인슈페너\", \"발로나초코라떼 hot/ice\", \"딸기라떼 only ice\", \"아쌈밀크티\", \"Ade.피치라임\", \"Ade.패션후르츠\"]'),('에이프릴사워','[\"에이프릴 선셋티\", \"오션라떼\", \"자두펄그린티\", \"딸기라떼\", \"메론소다\", \"애플크럼블 치즈케이크\", \"단호박 크림케이크\", \"호주식 바나나브레드\", \"아메리카노\", \"라떼\", \"플랫화이트\", \"바닐라라떼\", \"돌체라떼\", \"말차샷라떼\", \"아포카토\", \"아인슈페너\", \"허니자몽 블랙티\", \"초코라떼\", \"밀크티라떼\", \"그린티라떼\", \"자몽에이드\", \"레모네이드\"]'),('로우베어','[\"브루잉 커피(로우블랙, 블루, 레드)\", \"말차라떼\", \"크림브륄레\", \"딸기생크림 케이크\", \"디카페인 커피\", \"코스타리카\", \"과테말라\", \"예가체프 G1\", \"콜롬비아 게이샤(스페셜티 커피)\", \"콜롬비아 리치(스페셜티 커피)\", \"라떼\", \"바닐라 라떼\", \"아인슈페너\", \"피스타치오 라떼\", \"자몽에이드, 차\", \"홍백향에이드\", \"홍백합차\", \"초코라떼\", \"딸기라떼\", \"밀크티\", \"쑥크림 말차라떼\", \"단호박 라떼\", \"흑임자 라떼\", \"쑥차\", \"보이숙차\", \"호지차\", \"크림브릴레\", \"말렌카 꿀케이크\", \"말렌카 레몬케이크\", \"딸기가나슈 케이크\", \"바스크 치즈케이크\", \"초코 치즈케이크\"]'),('카페 오어낫','[\"카페라떼\", \"애플 라임 딜 에이드/차\", \"아포카토젤라또커피\", \"넛트라떼견과라떼\", \"아메리카노\", \"에스프레소\", \"카라멜라떼\", \"모카라떼\", \"바닐라빈라떼\", \"파인코코에이드\", \"코코넛 밀크샷\", \"레몬 딜 에이드/차\", \"초코코아\", \"허니 자몽 에이드/차\", \"밀크차티\", \"코코넛 쿠키\", \"베리 피넛 쿠키\", \"초코 샬라미\", \"바나나 푸딩\", \"삼(3)치즈 토스트\", \"멜팅 브리 치즈\", \"네이키드 소다하이볼\", \"와일드 터키 소다하이볼\", \"죠니 블랙 소다하이볼\", \"몽키숄더 소다하이볼\", \"리몬체 패션민트 하이볼\", \"제임슨 진저하이볼\", \"네이키드 몰트 샷\", \"잭 코카콜라\", \"짐빔 진저하이볼\", \"제임슨 샷\", \"와일드 터키 샷\", \"죠니 블랙 샷\", \"몽키숄더 샷\", \"잭다니엘 샷\", \"하우스 진토닉\", \"피치트리 크랜베리\", \"바카디 모히또\", \"핸드릭스 진토닉\", \"말리부 파인코코\", \"잭허니 레몬 밤\", \"비피터 진토닉\", \"앱솔 보드카 자몽몬레\", \"홈보드카 스크류\", \"빅웨이브\", \"버드와이저\", \"하이네켄\"]'),('카페인중독 노원점','[\"아메리카노\", \"[ 시그니처 ] 햅쌀 와플\", \"추억의 깻잎 컵떡볶이\", \"더블 치즈 크림\", \"NEW 버터 가득 크루키\", \"NEW 소금 우유 와플\", \"NEW 팥빙수 스무디 ( 오리지널 / 베리베리 )\", \"NEW 밀크카라멜 팥빙수 스무디\", \"NEW 꿀 수박 주스 ( 땡모반 )\", \"NEW 生 꿀 토마토 주스 ( 해장주스 )\", \"NEW 달달구~링 도넛\", \"버터스카치 크림\", \"더블 초코 나무숲\", \"햅쌀 크림 라떼\", \"추억의 길거리 와플\", \"생크림 와플\", \"애플 와플\", \"딸기 와플\", \"오레오 와플\", \"블루베리 와플\", \"누텔라 와플\", \"흑임자 와플\", \"코코넛 와플\", \"인절미 와플\", \"돼지바 와플\", \"로투스 와플\", \"카야 생크림 와플\", \"카야 버터 와플\", \"누텔라 바나나 와플\", \"티라미수 와플\", \"맘모스 와플\", \"붕어빵 와플\", \"앙 버터 와플\", \"플레인 크로플\", \"누텔라 크로플\", \"로투스 크로플\", \"돼지바 크로플\", \"인절미 크로플\", \"햅쌀 크로플\", \"카야 버터 크로플\", \"로쉐 크로플\", \"갈릭 크로플\", \"티라미수 크로플\", \"전남친 크로플\", \"전여친 크로플\", \"누텔라 바나나 크로플\", \"매콤 까르보나라 컵떡볶이\", \"국물 컵떡볶이\", \"로제 컵떡볶이\", \"분모자 컵떡볶이\", \"生 생크림빵\", \"벽돌 샌드위치 ( 에그마요 / 참치마요 )\", \"에그포테이토콘 샐러드빵\", \"핫도그 ( 콘치폭 / 매콤 / 갈릭 )\", \"카야 토스트 ( 카야 / 카야 버터 )\", \"마약 토스트 ( 기본 / 햄 / 콘치즈 )\", \"갈릭 마약 토스트 ( 기본 / 햄 / 콘치즈 )\", \"크룽지 ( 엄청 큼 주의 )\", \"에그참치모닝빵\", \"오리지널 계란빵\", \"콘 치즈 베이컨 계란빵\", \"추억의 라면땅\", \"팝콘 ( 카라멜 / 밀크 초코 )\", \"생크림 토스트\", \"모닝 소금빵\", \"꾸덕 버터바 ( 딴 곳 보다 두꺼움 )\", \"머랭쿠키 ( 솔티 / 체리 / 코코넛 )\", \"말렌카 꿀 케이크 ( 월넛 / 초코 )\", \"[ 1L / 2L ] 바닐라빈 라떼\", \"[ 1L / 2L ] 헤이즐넛 라떼\", \"[ 1L / 2L ] 사이공 라떼\", \"[ 1L / 2L ] 아이스티\", \"[ 1L / 2L ] 아빠커피\", \"[ 1L / 2L ] 매실차\", \"[ 1L / 2L ] 히비스커스 패션후르츠 티\", \"[ 1L / 2L ] 속초 단호박 식혜\", \"[ 1L / 2L ] 찜질방 미숫가루\", \"[ 1L / 2L ] 딸기우유 라떼\", \"[ 1L / 2L ] 더블초코 라떼\", \"[ 1L / 2L ] 갈배 스무디\", \"[ 1L / 2L ] 제주 천혜향 스무디\", \"아메리카노\", \"꿀 아메리카노 ( 해장 커피 )\", \"헤이즐넛 아메리카노\", \"바닐라빈 아메리카노\", \"카페 라떼\", \"카페 모카\", \"바닐라빈 라떼 ( 저당 알룰로스 )\", \"헤이즐넛 라떼\", \"사이공 라떼 ( 연유 라떼 )\", \"아빠커피 ( 믹스커피 )\", \"제주 말차 라떼\", \"밀크티 라떼 ( 홍차 라떼 )\", \"더블초코 라떼\", \"토피넛 라떼\", \"솔티카라멜 라떼\", \"자색고구마 라떼\", \"딸기우유 라떼\", \"찜질방 미숫가루\", \"레드자몽 에이드\"]'),('쿠키순이','[\"[선물추천]수제쿠키7개 선물세트\", \"[선물추천]수제쿠키4개선물세트\", \"티라미수쿠키\", \"모카트리넛쿠키\", \"쑥카라멜쿠키\", \"레모니쿠키\", \"말차오레오쿠키\", \"피넛베리쿠키\", \"포레누아쿠키\", \"초코브라우니\", \"수제그래놀라\", \"사과소보로쿠키\", \"호두밤쿠키\", \"피스타치오쿠키\", \"아몬드봉봉쿠키\", \"수제호박식혜\", \"베리몽땅자몽에이드\", \"레몬에이드\", \"수박에이드\"]'),('카페 공동','[\"아메리카노 (HOT/ICE)\", \"카페라떼 (HOT)\", \"바스크 치즈 케이크\", \"카페라떼 (ICE)\", \"바닐라빈라떼 (HOT)\", \"바닐라빈라떼 (ICE)\", \"리얼딸기라떼\", \"말랑초코라떼\", \"밀크티 (HOT/ICE)\", \"레몬에이드\", \"자몽에이드 (Only Ice)\", \"아몬드크랜베리 쿠키\", \"피넛버터 쿠키\", \"캐모마일 (HOT/ICE)\", \"페퍼민트 (HOT/ICE)\", \"밀키우롱 (HOT/ICE)\"]'),('나무늘보 카툰&북카페','[\"2만보 요금제 (2시간 + 음료)\", \"3만보 요금제 (3시간 + 음료)\", \"성인 기본1시간\", \"청소년 기본 1시간\", \"꿀꺽꿀꺽 요금제 (1시간 + 음료)\", \"5만보 요금제 (5시간 + 음료)\", \"평만보 요금제 (평일 종일권)\", \"주만보 요금제 (주말 종일권)\"]'),('형광커피','[\"핸드드립\", \"아메리카노\", \"카페라떼\", \"바닐라라떼\", \"허니솔트커피\", \"아인슈패너\", \"썸머라떼\", \"더치커피\", \"오리지널 휘낭시에\", \"바닐라솔트 휘낭시에\", \"레몬 휘낭시에\", \"초코칩 휘낭시에\", \"휘낭시에 4개\"]'),('바빈스커피 공릉점','[\"(NEW)리코타치즈샐러드\", \"호밀햄에그치즈샌드위치(단품)\", \"아인슈페너(R 사이즈)\", \"라임모히또(L 사이즈)\", \"콜드브루(ICED)(L 사이즈)\", \"패션후르츠에이드(L 사이즈)\", \"아메리카노(L)\", \"카페라떼(L)\", \"카푸치노(L HOT)\", \"에스프레소(HOT)\", \"바닐라라떼(L)\", \"헤이즐넛라떼(L)\", \"카페모카(L)\", \"카라멜마끼아또(L)\", \"돌체라떼(L)\", \"콜드브루라떼(ICED)(L 사이즈)\", \"콜드브루돌체라떼(ICED)(L 사이즈)\", \"디카페인콜드브루(L사이즈)\", \"디카페인콜드브루라떼(L사이즈)\", \"디카페인콜드브루돌체라떼(L사이즈)\", \"제주말차라떼(L 사이즈)\", \"오곡라떼(L 사이즈)\", \"초코라떼(L 사이즈)\", \"고구마라떼(L 사이즈)\", \"민트초코라떼(L 사이즈)\", \"딸기라떼(ICED)(L사이즈)\", \"흑당버블티(ICED)(L 사이즈)\", \"티라미수라떼(L 사이즈)\", \"얼그레이클래식(L 사이즈)\", \"캐모마일(L 사이즈)\", \"페퍼민트(L 사이즈)\", \"하와이안히비스커스(L 사이즈)\", \"잉글리쉬블랙퍼스트(L)\", \"허니유자티(L 사이즈)\", \"허니생강티(L 사이즈)\", \"허니자몽티(L 사이즈)\", \"허니밀크티(L 사이즈)\", \"아이스티(L 사이즈)\", \"자몽허니블랙티(L 사이즈)\", \"레몬에이드(L 사이즈)\", \"자몽에이드(L 사이즈)\", \"청포도에이드(L 사이즈)\", \"청포도모히또(L 사이즈)\", \"자몽모히또(L 사이즈)\", \"유자모히또(L 사이즈)\", \"자바칩바빈치노(빅사이즈)\", \"초코바빈치노(빅사이즈)\", \"녹차바빈치노(빅사이즈)\", \"쿠키앤크림바빈치노(빅사이즈)\", \"딸기쿠키바빈치노(빅사이즈)\", \"민트초코바빈치노(빅사이즈)\", \"솜사탕크러쉬(빅사이즈)\", \"초코코크러쉬(빅사이즈)\", \"퐁퐁크러쉬(빅사이즈)\", \"키위스무디(L 사이즈)\", \"망고스무디(L 사이즈)\", \"플레인요거트스무디(L 사이즈)\", \"스트로베리요거트스무디(L 사이즈)\", \"블루베리요거트스무디(L)\", \"리얼홍시스무디(L사이즈)\", \"자두스무디(L 사이즈)\", \"복숭아스무디(L 사이즈)\", \"패션망고스무디(L 사이즈)\", \"피치요거트스무디(L 사이즈)\", \"오렌지주스(L 사이즈)\", \"키위주스(L 사이즈)\", \"토마토주스(L 사이즈)\", \"수박주스(L 사이즈)\", \"딸기주스(L 사이즈)\", \"블루베리주스(L 사이즈)\", \"자몽주스(L 사이즈)\", \"골드메달 스파클링 애플주스(1병)\", \"바빈스 빙수(팥)\", \"망고빙수(기본)\", \"바빈스컵빙수(팥)\", \"망고컵빙수\", \"호밀햄치즈샌드위치(단품)\", \"호밀햄에그샌드위치(단품)\", \"호밀더블치즈샌드위치(단품)\", \"호밀에그포테이토샌드위치\", \"루꼴라파니니(단품)\", \"트리플치즈파니니(단품)\", \"호밀애플크림치즈\", \"호밀카야토스트\", \"호밀햄치즈토스트\", \"호밀허니리코타치즈토스트\", \"호밀콘치즈토스트\", \"블루베리크림치즈치아바타(단품)\", \"카프레제먹물치아바타(단품)\", \"햄치즈포테이토먹물치아바타(단품)\", \"당근케이크(기본1조각)\", \"티라미수(기본1조각)\", \"리얼쇼콜라타르트(기본1조각)\", \"말차가또쇼콜라(기본1조각)\", \"한라봉홍차케이크(기본 1조각)\", \"크로크무슈(기본)\", \"허니버터브레드(기본)\", \"베이글(플레인베이글)\", \"호두스콘\", \"커피콩빵(12개)\"]'),('언제나케이크 공릉점','[\"레터링케이크\", \"도시락레터링케이크\", \"레터링케이크\", \"도시락레터링케이크\"]'),('밀탑 이마트 월계점','[\"밀탑 밀크빙수 팥빙수\", \"set A\", \"흑임자 인절미\", \"set B\", \"set C\", \"녹차빙수\", \"오곡빙수\", \"흑임자빙수\", \"과일빙수\", \"커피빙수\", \"망고빙수\", \"멜론빙수\", \"복숭아빙수\", \"미숫가루 인절미\", \"카스텔라 인절미\", \"1985흑임자크림라떼 (ICE only)\", \"아메리카노\", \"카페라떼\", \"바닐라 라떼\", \"카페모카\", \"돌체라떼(연유라떼)\", \"토피넛라떼\", \"딸기라떼(ICE only)\", \"초콜릿라떼\", \"미숫가루라떼\", \"그린티라떼\", \"캐모마일\", \"얼그레이\", \"복숭아아이스티(기본24oz)\", \"석류에이드\", \"레몬에이드\", \"자몽허니블랙티(ONLY ICE)\", \"국화차\", \"대추차\", \"자몽차\", \"꿀유자차\", \"생과일파인애플주스\", \"생과일키위주스\", \"생과일키위바나나주스\", \"생과일바나나주스\", \"청포도샤인머스캣에이드\", \"자몽에이드\", \"유자에이드\", \"녹차스노우라떼\", \"커피스노우라떼\", \"딸기스노우라떼\", \"미숫가루스노우라떼\", \"단팥죽\", \"밀탑단팥빵\", \"밀탑크림단팥빵\", \"레인보우케이크\", \"순수우유케이크\", \"밀탑얼려먹는밀크빙수(1파우치)\", \"밀탑얼려먹는밀크빙수(1박스(12개))\", \"떡 추가 (7PCS)\", \"팥 추가 (90G)\"]'),('커피제이','[\"[BEST] 아메리카노\", \"[강력추천] 블루베리 주스\", \"아메리카노\", \"수제 오란다 4개\", \"커피콩빵\", \"코코넛 커피 스무디\", \"꿀헛개라떼\"]'),('배스킨라빈스 월계이마트점','[\"반짝이는 잔망루피\", \"패밀리\", \"하프갤론\", \"파인트\", \"쿼터\", \"[시즌 한정] 메가팩\", \"아빠왔다팩\", \"버라이어티팩\", \"핸드팩세트\", \"옹기종기팩\", \"달콤한 딸기 쏙~ 곰돌이\", \"더 베스트 No.6\", \"해피 조이 큐브\", \"달콤한 구름이 퐁당퐁당\", \"해피 스마일 포 유\", \"듀얼 와츄원 No.9\", \"골라먹는 와츄원\", \"미니 골라먹는 와츄원\", \"미니 해피 버스데이 케이크\", \"행복한 춘식이다냥\", \"나눠먹는 와츄원\", \"나눠먹는 큐브 와츄원\", \"우주에서 온 엄마는 외계인\", \"어썸 라이언 인 사파리\", \"골라먹는 스노우 볼\", \"5번 숫자초\", \"1번 숫자초\", \"0번 숫자초\", \"8번 숫자초\", \"6번 숫자초\", \"4번 숫자초\", \"7번 숫자초\", \"9번 숫자초\", \"2번 숫자초\", \"3번 숫자초\", \"피스타치오 젤라또 라운드팩\", \"애플망고 젤라또 라운드팩\", \"오레오 쿠키앤크림 레디팩\", \"아몬드봉봉 레디팩\", \"체리쥬빌레 레디팩\", \"자모카 아몬드 훠지 레디팩\", \"레디팩미니 아몬드봉봉\", \"그린티 레디팩\", \"슈팅스타 레디팩\", \"순수(秀) 우유 레디팩\", \"레디팩미니 초콜릿\", \"레디팩미니 바닐라\", \"엄마는 외계인 레디팩\", \"초콜릿 무스 레디팩\", \"비건 오틀리 코코넛 커피 레디팩 미니\", \"비건 오틀리 초콜릿 레디팩 미니\", \"레인보우 샤베트 레디팩\", \"31 요거트 레디팩\", \"티니핑 블록팩 (슈팅스타)\", \"티니핑 블록팩 (핑크 베리 하츄핑)\", \"티니핑 블록팩 (이상한 나라의 솜사탕)\", \"티니핑 블록팩 (엄마는 외계인)\", \"NEW 블록팩 (초콜릿)\", \"NEW 블록팩 (이상한 나라의 솜사탕)\", \"NEW 블록팩 (바람과 함께 사라지다)\", \"NEW 블록팩 (엄마는 외계인)\", \"NEW 블록팩 (슈팅스타)\", \"NEW 블록팩 (민트초코봉봉)\", \"NEW 블록팩 (뉴욕치즈케이크)\", \"NEW 블록팩 (초콜릿무스)\", \"NEW 블록팩 (아몬드봉봉)\", \"NEW 블록팩 (쿠키앤크림)\", \"NEW 블록팩 (체리쥬빌레)\", \"싱글킹 콘\", \"더블레귤러 콘\", \"더블레귤러 컵\", \"더블주니어 콘\", \"더블주니어 컵\", \"싱글킹 컵\", \"보름달 아이스 쌘-드 세트 (3입)\", \"스트로베리 아이스모찌\", \"초콜릿 아이스크림롤\", \"쿠키앤크림 아이스마카롱\", \"체리쥬빌레 아이스마카롱\", \"초코바닐라 아이스모찌\", \"우주 라이크 봉봉 선데\", \"베리하츄핑 스틱바 딸기 요거트\", \"맥심 화이트골드 스틱바\", \"아이스 모찌 세트 (3입)\", \"미니 아이스 스틱바 바닐라\", \"바나나킥 아이스모찌\", \"아이스 모찌 블루 바닐라 (이달의 디저트)\", \"아이스 모찌 망고\", \"미키 마우스_스틱바 블랙 소르베\", \"맥심 스틱바 슈프림골드\", \"바닐라 아이스크림롤\", \"우주 라이크 봉봉 모찌\", \"설향딸기 블라스트\", \"엄마는 외계인 블라스트 (Regular)\", \"프릳츠 월넛커피 블라스트\", \"오레오 쉐이크 (Regular)\", \"카푸치노블라스트 모카 (Regular)\", \"카푸치노블라스트 오리지널 (Regular)\", \"아몬드 봉봉 블라스트 (Regular)\", \"밀크쉐이크 (Regular)\"]'),('카페 델루나','[\"아메리카노\", \"초코나무숲\", \"런던포그\", \"에스프레소\", \"아샷추\", \"카페라떼\", \"바닐라라떼\", \"카푸치노\", \"카라멜마끼아또\", \"초코라떼\", \"말차라떼\", \"딸기라떼\", \"유자티\", \"페퍼민트티\", \"히비스커스\", \"복숭아아이스티\", \"블루레몬에이드\", \"자몽에이드\", \"청포도에이드\", \"라임모히또\", \"블랙 포레스트케이크\", \"오레오듬뿍 스퀘어케이크\", \"화이트 쉬폰케이크\", \"딸기 쉬폰케이크\", \"번트 치즈케이크\", \"순수 우유케이크\", \"브라우니 미니쿠키\", \"검은깨 미니쿠키\", \"오트밀 미니쿠키\", \"버터 미니쿠키\", \"햄앤치즈 샌드위치\", \"카야크림 샌드위치\", \"소금빵\", \"소세지롤\", \"64겹 수제 크루아상\", \"크림가득 카스테라\", \"딥초코가나슈 마카롱\", \"블루베리 마카롱\", \"바닐라 마카롱\", \"요거트 마카롱\"]'),('아너카페','[\"아메리카노\", \"에스프레소\", \"카페라떼\", \"바닐라라떼\", \"카라멜마끼아또\"]'),('요커 공릉점','[\"얼그레이 넛츠밤 그릭 요거트 볼\", \"플레인 그릭 요거트(100g)\", \"플레인 그릭 요거트(130g)\", \"플레인 그릭 요거트(300g)\", \"프로틴 그릭 요거트 볼\", \"후르츠 밤 그릭 요거트 볼\", \"존시나 그릭 요거트 볼\", \"오레오 그릭 요거트(100g)\", \"오레오 그릭 요거트(130g)\", \"오레오 그릭 요거트(300g)\", \"[NEW]요레오 볼\", \"[NEW] 뉴얼넛 그릭 요거트 볼\", \"넛츠 밤 그릭 요거트 볼\", \"K 그릭 요거트 볼\", \"피스타치오 아몬드 그릭 요거트 볼\", \"[NEW] 요레오 볼\", \"돼지바 그릭요거트 볼\", \"얼그레이 그릭 요거트(100g)\", \"얼그레이 그릭 요거트(130g)\", \"베리 그릭 요거트(100g)\", \"베리 그릭 요거트(130g)\", \"피스타치오 그릭 요거트(100g)\", \"피스타치오 그릭 요거트(130g)\", \"복숭아 그릭 요거트(100g)\", \"복숭아 그릭 요거트(130g)\", \"존시나 베이글\", \"베리 베이글\", \"베이글 구워만 드려요\", \"플레인 베이글(플레인그릭)\", \"베이직 베이글\", \"얼그레이 베이글\", \"카야 베이글\", \"단팥베이글\", \"로투스베이글\", \"바나나\", \"키위\", \"블루베리\", \"애플망고\", \"꿀스틱\", \"시나몬애플잼\", \"(따로포장불가) 메이플시럽\", \"(따로포장불가) 초코시럽\", \"(따로포장불가) 시나몬 파우더\", \"(따로포장불가) 연유\", \"(따로포장불가) 콩가루\", \"아몬드 크럽블\", \"초코칩\", \"수제 그래놀라\", \"코코넛청크\", \"카카오닙스\", \"로투스 크럼블\", \"단백질 초코볼\", \"수제 초코그래놀라\", \"쌀튀밥\", \"단팥앙금\", \"카야잼\", \"(맛짱세트) 그릭 요거트 볼 3종세트\", \"(담백세트) 플레인L+그래놀라+꿀스틱+아메리카노\", \"(요커세트)시그니처 얼그레이 그릭 요거트 볼+아메리카노\", \"(대용량 세트) 플레인+그래놀라\", \"아메리카노(16oz)\", \"헤이즐넛 아메리카노(16oz)\", \"카페라떼(16oz)\", \"바닐라 라떼(16oz)\", \"아이스티(16oz)\", \"아샷추(16oz)\", \"얼그레이 티\", \"히비스커스 티\", \"페퍼민트 티\", \"레몬 히비스커스 티\", \"레몬 얼그레이 티\", \"레몬 에이드 (Ice only)\", \"자몽 에이드 (Ice only)\", \"[NEW] 얼그레이 스무디\", \"망고스무디\", \"딸기스무디\", \"플레인 요거트 스무디\", \"블루베리 요거트 스무디\", \"딸기 요거트 스무디\", \"망고 요거트 스무디\"]'),('카페민','[\"아메리카노\", \"유부/고추/참치/소세지 김밥\", \"카푸치노/카페 라떼/바닐라 라떼/메이플 라떼/ 캬라멜 마끼아또\", \"카라멜카페모카\", \"초코 라떼\", \"민트 초코/쿠앤크/블루 베리/고구마/그린티/오곡 라떼\", \"복숭아/레몬 아이스티\", \"페퍼민트/케모마일/쟈스민/녹차/홍차/루이보스\", \"녹차/블루 베리/딸기/망고/플레인 요거트\", \"모카/캬라멜/블루 베리/딸기/망고 스무디\", \"레몬/청포도/블루/자몽 에이드\", \"레몬 에이드\", \"야채 김밥\", \"치즈 김밥\", \"크레미/베이컨/제육 김밥\", \"매운고추참치/치즈참치김밥\", \"돈까스 김밥\", \"햄 치즈 토스트\", \"감자/떡갈비 토스트\", \"베이컨/크레미 토스트\", \"불고기 토스트\", \"돈까스 토스트\", \"딸기/망고/바나나 쥬스\", \"키위/토마토/파인애플/블루베리 쥬스\", \"모과/유자/레몬/자몽 차\", \"대추차/석류 차\", \"팥빙수\", \"과일빙수\", \"딸기/녹차/초코 빙수\", \"떡볶이\", \"에스프레소\", \"헤이즐넛\", \"모카 프라페\", \"카라멜 프라페\", \"블루베리 프라페\", \"딸기프라페\", \"망고프라페\", \"자색고구마\", \"그린티\", \"오곡 라떼\", \"튀김만두 3개\", \"오뎅꼬치\", \"제육덮밥\", \"닭강정도시락\"]'),('트위그 페스츄리','[\"베이컨잼파이\", \"선물상자세트(5-7개)\", \"에그타르트 선물세트(4구)\", \"말춐타르트\", \"아몬드뺑오쇼콜라\", \"오리지널 퀸아망\", \"갈레트(밤)\", \"뺑오설타나(주말)\", \"라따뚜이데니쉬(주말)\", \"올리브크리스피\", \"잠봉치즈데니쉬\", \"명란마요크루아상\", \"메로와상\", \"아몬드크루아상\", \"소금빵\", \"피스타치오롤\", \"밤&밤크림치즈 트위그\", \"캐슈넛&잔두야 트위그\", \"에그타르트\", \"라우겐 크루아상\", \"트리플치즈소세지\", \"무화과&크림치즈\", \"애플 커스터드\", \"뺑스위스\", \"뺑오쇼콜라\", \"크루아상\"]'),('팝케이크팝','[\"초코숲 컵케이크\", \"레몬 컵케이크\", \"얼그레이 컵케이크\", \"오레오 케이크팝\", \"로투스 케이크팝\", \"피넛버터젤리 컵케이크\", \"초콜렛 컵케이크\", \"헤이즐넛 컵케이크\", \"카라멜마끼야또 컵케이크\", \"클래식 (초코)\", \"클래식 (얼그레이)\", \"클래식 (초코그린티)\", \"클래식 (레몬)\", \"클래식 (민초)\", \"레드벨벳 케이크팝\", \"아이스 아메리카노\", \"체리 레드\", \"레몬 옐로우\", \"피치 핑크\", \"블루베리 퍼플\", \"소 박스(케이크팝 3~5개)\", \"대 박스(케이크팝5~10개)\"]'),('봉위켄 공릉점','[\"제주 초당옥수수 휘낭시에\", \"플레인 휘낭시에\", \"디카페인 콜드브루 아메리카노\", \"돌체라떼\", \"아이스오트라떼\", \"아이스돌체라떼\", \"아메리카노\", \"아이스카페라떼\", \"카페라떼\", \"아이스 아메리카노\", \"오트라떼\", \"아이스바닐라라떼\", \"바닐라 라떼\", \"시트롱 마들렌\", \"마롱 글라세 마들렌\", \"마들렌\", \"쇼콜라 휘낭시에\", \"누룽지 휘낭시에\", \"다크 초코 피칸 쿠키\", \"플레인 스콘\", \"크렘브륄레\", \"까눌레\", \"제주 초당옥수수 휘낭시에\", \"플레인 휘낭시에\", \"디카페인 콜드브루 아메리카노\", \"돌체라떼\", \"아이스오트라떼\", \"아이스돌체라떼\", \"아메리카노\", \"아이스카페라떼\", \"카페라떼\", \"아이스 아메리카노\", \"오트라떼\", \"아이스바닐라라떼\", \"바닐라 라떼\", \"시트롱 마들렌\", \"마롱 글라세 마들렌\", \"마들렌\", \"쇼콜라 휘낭시에\", \"누룽지 휘낭시에\", \"다크 초코 피칸 쿠키\", \"플레인 스콘\", \"크렘브륄레\", \"까눌레\"]'),('포멜로우','[\"플랑\", \"조각케이크\", \"블루베리레몬 플랑\", \"조각홀케이크\", \"과일 생크림 케이크\", \"크런치초코케이크\", \"휘낭시에\", \"멜로우라떼\", \"답례품,단체주문\"]'),('요거트아이스크림의정석 공릉점','[\"요거트 아이스크림(1인150g)\", \"요거트 아이스크림(2인300g)\", \"요거트 아이스크림(3인450g)\", \"요거트 아이스크림(4인600g)\", \"((초코쉘 ))요거트 아이스크림(1인150g(초코쉘 1인기준))\", \"((초코쉘 ))요거트 아이스크림(2인300g(초코쉘 2인기준))\", \"((초코쉘 ))요거트 아이스크림(3인450g(초코쉘 3~4인기준))\", \"((초코쉘 ))요거트 아이스크림(4인600g(초코쉘 3~4인기준))\", \"뿌리는꿀+그래놀라+요거트아이스크림(벌집꿀x)(1인 150g)\", \"뿌리는꿀+그래놀라+요거트아이스크림(벌집꿀x)(2인 300g)\", \"뿌리는꿀+그래놀라+요거트아이스크림(벌집꿀x)(3인 450g)\", \"뿌리는꿀+그래놀라+요거트아이스크림(벌집꿀x)(4인 600g)\", \"자몽+뿌리는꿀+후르트링+요거트아이스크림(벌집꿀x)(1인 150g)\", \"자몽+뿌리는꿀+후르트링+요거트아이스크림(벌집꿀x)(2인 300g)\", \"자몽+뿌리는꿀+후르트링+요거트아이스크림(벌집꿀x)(3인 450g)\", \"자몽+뿌리는꿀+후르트링+요거트아이스크림(벌집꿀x)(4인 600g)\", \"메론+뿌리는꿀+그래놀라+요거트아이스크림(벌집꿀x)(1인 150g)\", \"메론+뿌리는꿀+그래놀라+요거트아이스크림(벌집꿀x)(2인 300g)\", \"메론+뿌리는꿀+그래놀라+요거트아이스크림(벌집꿀x)(3인 450g)\", \"메론+뿌리는꿀+그래놀라+요거트아이스크림(벌집꿀x)(4인 600g)\", \"파인애플+골드키위+후르트링+연유+요거트 아이스크림(1인150g)\", \"파인애플+골드키위+후르트링+연유+요거트 아이스크림(2인300g)\", \"파인애플+골드키위+후르트링+연유+요거트 아이스크림(3인450g)\", \"파인애플+골드키위+후르트링+연유+요거트 아이스크림(4인600g)\", \"새콤달콤 천도복숭아+망고퓨레+후르트링+요거트 아이스크림(1인150g)\", \"새콤달콤 천도복숭아+망고퓨레+후르트링+요거트 아이스크림(2인300g)\", \"새콤달콤 천도복숭아+망고퓨레+후르트링+요거트 아이스크림(3인450g)\", \"새콤달콤 천도복숭아+망고퓨레+후르트링+요거트 아이스크림(4인600g)\", \"샤인머스켓+뿌리는꿀+요거트아이스크림(벌집꿀x)(1인 150g)\", \"샤인머스켓+뿌리는꿀+요거트아이스크림(벌집꿀x)(2인 300g)\", \"샤인머스켓+뿌리는꿀+요거트아이스크림(벌집꿀x)(3인 450g)\", \"샤인머스켓+뿌리는꿀+요거트아이스크림(벌집꿀x)(4인 600g)\", \"파인애플+키위+뿌리는꿀+요거트아이스크림(벌집꿀x)(1인 150g)\", \"파인애플+키위+뿌리는꿀+요거트아이스크림(벌집꿀x)(2인 300g)\", \"파인애플+키위+뿌리는꿀+요거트아이스크림(벌집꿀x)(3인 450g)\", \"파인애플+키위+뿌리는꿀+요거트아이스크림(벌집꿀x)(4인 600g)\", \"블루베리+뿌리는꿀+그래놀라+요거트아이스크림(벌집꿀x)(1인 150g)\", \"블루베리+뿌리는꿀+그래놀라+요거트아이스크림(벌집꿀x)(2인 300g)\", \"블루베리+뿌리는꿀+그래놀라+요거트아이스크림(벌집꿀x)(3인 450g)\", \"블루베리+뿌리는꿀+그래놀라+요거트아이스크림(벌집꿀x)(4인 600g)\", \"내맘대로 요거트 아이스크림(1인(150g))\", \"내맘대로 요거트 아이스크림(2인(300g))\", \"내맘대로 요거트 아이스크림(3인(450g))\", \"내맘대로 요거트 아이스크림(4인(600g))\", \"내마음대로 ((초코 쉘))소스 요거트 아이스크림(1인150g(초코쉘 1인기준))\", \"내마음대로 ((초코 쉘))소스 요거트 아이스크림(2인300g(초코쉘 2인기준))\", \"내마음대로 ((초코 쉘))소스 요거트 아이스크림(3인450g(초코쉘 3~4인기준)))\", \"내마음대로 ((초코 쉘))소스 요거트 아이스크림(4인600g(초코쉘 3~4인기준))\", \"내마음대로 (체리 쉘)소스 요거트 아이스크림(1인150g)\", \"내마음대로 (체리 쉘)소스 요거트 아이스크림(2인300g)\", \"내마음대로 (체리 쉘)소스 요거트 아이스크림(3인450g)\", \"내마음대로 (체리 쉘)소스 요거트 아이스크림(4인600g)\", \"내맘대로 ((초코쉘))소스+딸기팝팝+요거트아이스크림(1인 150g)\", \"내맘대로 ((초코쉘))소스+딸기팝팝+요거트아이스크림(2인 300g)\", \"내맘대로 ((초코쉘))소스+딸기팝팝+요거트아이스크림(3인 450g)\", \"내맘대로 ((초코쉘))소스+딸기팝팝+요거트아이스크림(4인 600g)\", \"무가당) 플레인 그릭 요거트(1인100g)\", \"무가당) 플레인 그릭 요거트(2인200g)\", \"무가당) 플레인 그릭 요거트(3인300g)\"]'),('설탕한스푼 설렘두스푼','[\"72시간 숙성 수제 더블 베리 꽁피튀르 크로플\", \"찰리와 누텔라 공장\", \"프렌치 크로플\", \"72시간 숙성 수제 블루베리 꽁피튀르\"]'),('송사부수제쌀고로케 이마트 월계점','[\"탱탱새우버거\", \"통통함박버거\", \"옥수수 톡톡 고로케\", \"매콤 땡초 고기고로케\", \"마늘퐁당꽈배기\", \"단호박 생도넛\", \"카레 고로케\", \"매콤마요감동란\", \"인기가요 고로케\", \"마늘치킨고로케\", \"불고기피자고로케\", \"치즈퐁당감자고로케\", \"감동란고로케\", \"고기야채고로케\", \"고기가득부추고로케\", \"중화잡채고로케\", \"동글아기찹쌀도넛\", \"찹쌀꽈배기\", \"바삭64겹꽈배기\", \"카스테라꽈배기\", \"생도넛\", \"꿀맛찹쌀도넛\", \"흑임자크림찹쌀\", \"초당옥수수크림찹쌀\", \"흑미고구마찹쌀\", \"단팥도넛\", \"찹쌀도넛\", \"햄치즈토스트\", \"감자쫀득볼\", \"튀김소보로\", \"킹콘소고\", \"킹불소고\", \"맛살크림샐러드\", \"송사부야채샐러드\", \"에그마요샐러드\"]'),('공차 월계점','[\"블랙밀크티+펄\", \"자스민 그린티 L\", \"우롱티 L\", \"블랙티 L\", \"얼그레이티 L\", \"블랙 밀크티 L\", \"제주그린밀크티(L)\", \"초코렛밀크티(L)\", \"블랙티 J\", \"얼그레이티 J\", \"우롱티 J\", \"자스민그린티 J\", \"제주그린밀크티 J\", \"블랙 밀크티 J\", \"얼그레이 밀크티 L\", \"얼그레이 밀크티 J\", \"우롱 밀크티 L\", \"우롱 밀크티 J\", \"자스민그린 밀크티 L\", \"자스민그린 밀크티 J\", \"타로 밀크티 L\", \"타로 밀크티 J\", \"피스타피오 밀크티 L\", \"피스타피오 밀크티 J\", \"제주그린 밀크티 J\", \"초당옥수수 팝핑 스무디\", \"초당옥수수 밀크티+펄\", \"초코바른 민트 쿠키 스무디\", \"민트팝핑초코 스무디\", \"민트 초코칩 밀크티+펄\", \"복숭아 쥬얼리 요구르트 크러쉬\", \"복숭아 쥬얼리 밀크티\", \"딸기쥬얼리 밀크티\", \"딸기쥬얼리 요구르트 크러쉬\", \"망고 요구르트쥬얼리 크러쉬\", \"브라운슈가 쥬얼리 밀크티\", \"브라운슈가 쥬얼리 치즈퐁 스무디\", \"망고 스무디\", \"딸기쿠키 스무디\", \"제주크린티 스무디\", \"청포도 스무디\", \"초코 쿠앤크 스무디\", \"초코바른 피스타치오 스무디\", \"초코바른 초코 스무디\", \"초코바른 제주그린 스무디\", \"돌체 크러쉬 위드 샷\", \"망고요구르트 L\", \"망고요구르트 J\", \"망고주스 L\", \"망고주스 J\"]'),('위플랜트위커피','[\"플랜트라떼\", \"스폰티니피자\", \"페페로니 피자\", \"허니자몽 블랙티 하이볼\", \"에스프레소\", \"아메리카노\", \"카페라떼\", \"플랫화이트\", \"바닐라라떼\", \"아포가토\", \"밀크초코라떼\", \"말차크림라떼\", \"다크체리 아이스티\", \"딸기 히비스커스 티\", \"허니자몽 블랙티\", \"얼그레이 밀크티\", \"오가닉 카모마일 메들리\", \"딸기 히비스커스 에이드\", \"청귤 라임 모히또 에이드\", \"바스크 치즈 케이크\", \"르뱅쿠키\", \"레드락 (생)\", \"코젤다크 (생)\", \"코젤다크 시나몬 (생)\", \"하이볼\", \"얼그레이 하이볼\", \"유자 하이볼\", \"몽키숄더\", \"와일드터키 8y\", \"발베니 더블우드 12y\"]'),('설빙 서울과기대점','[\"딸기치즈메론설빙\", \"요거통통메론설빙\", \"킹망고설빙\", \"샤인머스캣메론설빙\", \"리얼통통메론설빙\", \"하겐다즈초코설빙\", \"순수요거블루베리설빙\", \"애플망고치즈설빙\", \"오레오초코몬스터설빙\", \"티라미수설빙\", \"리얼그린티설빙\", \"그린티초코설빙\", \"블루베리치즈설빙\", \"치즈설빙\", \"흑임자찰떡설빙\", \"초코브라우니설빙\", \"팥인절미설빙\", \"인절미설빙\", \"연유소스\", \"딸기소스\", \"초코소스\", \"망고소스\", \"큐브치즈케이크\", \"브라우니\", \"인절미가루\", \"팥앙금\", \"인절미떡\", \"생크림\", \"찹쌀떡\", \"프리미엄망고요거트아이스크림 2스쿱\", \"프리미엄 요거트아이스크림 2스쿱\", \"프리미엄 바닐라아이스크림 2스쿱\", \"프리미엄 녹차아이스크림 2스쿱\", \"하프망고\", \"애플망고\", \"블루베리\", \"샤인머스캣구슬 10알\", \"달고나\", \"인절미 스낵\", \"티라미수\", \"딸기치즈케이크\", \"한입쏙붕어빵(팥)\", \"한입쏙붕어빵(슈크림)\", \"한입쏙붕어빵(자색고구마)\", \"베리굿절미세트\", \"달콤매콤세트\", \"인절미세트\", \"크로플망고세트\", \"킹망고세트\", \"타코야끼(8개)\", \"단짠인절미회오리감자\", \"단짠인절미군옥수수\", \"반숙김치볶음밥\", \"통통새우볶음밥\", \"인절미마카롱\", \"딸기마카롱\", \"바닐라마카롱\", \"소금빵\", \"잔기지술떡\", \"생크림떡(인절미&카스테라)\", \"크림치즈약과쿠키\", \"오리지널꽈배기\", \"초코꽈배기\", \"인절미꽈배기\", \"한입쏙붕어빵(피자)\", \"꿀호떡\", \"로제떡볶이\", \"플레인크로플\", \"매콤떡볶이\", \"인절미토스트\", \"쌍쌍치즈가래떡\", \"딥초코츄러스\", \"바바리안크림츄러스\", \"마라떡볶이\", \"한입쏙붕어빵(불닭)\", \"사발식혜 Venti (Only Ice)\", \"통통유자차\", \"생생레몬차\", \"진한 생강차\", \"허니자몽차\", \"진한 대추차\", \"산딸기오미자차\", \"진한 우엉차\", \"유기농 캐모마일차\", \"유기농 로즈마리차\", \"유기농 페퍼민트차\", \"유자에이드\", \"애플망고에이드\", \"허니자몽에이드\", \"딸기에이드\", \"생생레몬에이드\", \"청포도에이드\", \"아메리카노 Venti\", \"아메리카노(일반)\", \"카라멜마끼야또\", \"바닐라라떼\", \"카페라떼\", \"미숫가루라떼(ICE)\", \"딸기라떼(ICE)\"]'),('길가온','[\"아메리카노\", \"카페라떼\", \"카페모카\", \"초코라떼\", \"불고기파니니\", \"베이컨치즈파니니\", \"치킨샌드위치\", \"깔라마리샐러드\"]'),('앤티앤스 이마트 월계점','[\"오리지널 프레즐\", \"아몬드 프레즐\", \"시나몬 슈가 프레즐\", \"어니언 프레즐\", \"갈릭 프레즐\", \"오리지널 스틱 프레즐\", \"아몬드 스틱 프레즐\", \"시나몬 슈가 스틱 프레즐\", \"어니언 스틱 프레즐\", \"갈릭 스틱 프레즐\", \"크림치즈 스틱 프레즐\", \"아몬드 크림치즈 스틱 프레즐\", \"페퍼로니 프레즐\", \"핫도그\", \"할라피뇨 치즈 핫도그\", \"블랙페퍼 치즈 핫도그\", \"레몬에이드\", \"블루큐라소 레몬에이드\", \"스트로베리 레몬에이드\", \"키위바나나 레몬에이드\", \"청포도 레몬에이드\", \"자몽 레몬에이드\"]'),('피에스타7커피 공리단길점','[\"아이스크림라떼\", \"생🍉수박주스(추천)\", \"BIG생🍉수박주스(추추천)\", \"1L보틀생🍉수박쥬스(추추추천)\", \"*여름시즌*유자퐁당얼그레이스무디\", \"*여름시즌*🍋레몬퐁당얼그레이스무디\", \"*여름시즌*자두요거트펄스무디(추천)\", \"*여름시즌*🍑피치자몽펄스무디\", \"아메리카노(HOT/ICE)\", \"바닐라아메리카노(HOT/ICE)\", \"헤이즐넛아메리카노(HOT/ICE)\", \"카라멜아메리카노(HOT/ICE)\", \"꿀아메리카노(HOT/ICE)\", \"옛날믹스커피(Only Ice)\", \"카페라떼(HOT/ICE)\", \"바닐라라떼(HOT/ICE)\", \"헤이즐넛라떼(HOT/ICE)\", \"카푸치노(HOT/ICE)\", \"카페모카(HOT/ICE)\", \"카라멜마끼아또\", \"딸기요거트스무디\", \"블루베리요거트스무디\", \"레몬요거트스무디\", \"망고요거트스무디\", \"청귤요거트스무디\", \"플레인요거트스무디\", \"콜드브루코코넛스무디\", \"디카페인콜드브루코코넛스무디\", \"소프트아이스크림\", \"초코아이스크림\", \"카라멜아이스크림\"]'),('키트','[\"아메리카노\", \"헤이즐넛 라떼\", \"바닐라 라떼\", \"키트 라떼\", \"아이스크림 라떼\", \"키트슈페너\", \"아이스크림 한스쿱 추가\", \"우유\", \"초코라떼\", \"보리카노\", \"말차라떼\", \"특별 제작 케이크\", \"마스 키치 케이크\", \"꽃 컵케이크\", \"꽃 컵케이크\"]'),('휘드카페 공릉점','[\"시그니처 아메리카노\", \"다크 아메리카노\", \"카페라떼\", \"오늘의 핸드드립\", \"콜드브루\", \"디카페인 콜드브루\", \"콜드브루 아인슈페너\", \"휘드 버블티\", \"리얼 딸기라떼\", \"프렌치 크로플\", \"마카롱\", \"뚱카롱\"]'),('컴포즈커피 노원공릉점','[\"커피밀크쉐이크(ONLY ICE)\", \"딸기스무디(ONLY ICE)\", \"리얼초코자바칩프라페(ONLY ICE)\", \"레드 용과 리프레시(ONLY ICE)\", \"제주 선셋 리프레시(ONLY ICE)\", \"국내산 수박주스(ONLY ICE)\", \"빅포즈 아메리카노(ONLY ICE)\", \"에스프레소(ONLY HOT)\", \"아메리카노\", \"카페라떼\", \"카푸치노(ONLY HOT)\", \"바닐라라떼\", \"헤이즐넛라떼\", \"카라멜마끼아또\", \"카페모카\", \"돌체라떼\", \"흑당카페라떼(ONLY ICE)\", \"아인슈페너라떼(ONLY ICE)\", \"달고나라떼(ONLY ICE)\", \"더치커피\", \"더치라떼\", \"아인슈페너(ONLY ICE)\", \"빅포즈 디카페인 아메리카노(ONLY ICE)\", \"디카페인 아메리카노\", \"디카페인 더치커피\", \"디카페인 더치라떼\", \"곡물라떼\", \"고구마라떼\", \"그린티라떼\", \"더블초코라떼\", \"쿠키초코라떼\", \"민트초코오레오라떼\", \"흑당밀크(ONLY ICE)\", \"밀크티\", \"딸기라떼(ONLY ICE)\", \"망고라떼(ONLY ICE)\", \"블루베리라떼(ONLY ICE)\", \"플레인밀크쉐이크(ONLY ICE)\", \"캔디소다밀크쉐이크(ONLY ICE)\", \"팥절미밀크쉐이크(ONLY ICE)\", \"쿠키밀크쉐이크(ONLY ICE)\", \"망고스무디(ONLY ICE)\", \"블루베리스무디(ONLY ICE)\", \"유자스무디(ONLY ICE)\", \"딸기요거트스무디(ONLY ICE)\", \"망고요거트스무디(ONLY ICE)\", \"블루베리요거트스무디(ONLY ICE)\", \"플레인요거트스무디(ONLY ICE)\", \"쿠키초코프라페(ONLY ICE)\", \"민트초코오레오프라페(ONLY ICE)\", \"그린티프라페(ONLY ICE)\", \"모카자바칩프라페(ONLY ICE)\", \"자몽에이드(ONLY ICE)\", \"레몬에이드(ONLY ICE)\", \"망고에이드(ONLY ICE)\", \"유자에이드(ONLY ICE)\", \"블루레몬에이드(ONLY ICE)\", \"청포도에이드(ONLY ICE)\", \"패션후르츠에이드(ONLY ICE)\", \"키위주스(ONLY ICE)\", \"복숭아주스(ONLY ICE)\", \"오렌지당근주스(ONLY ICE)\", \"샤인머스켓케일주스(ONLY ICE)\", \"페퍼민트\", \"캐모마일\", \"로즈마리\", \"블랙퍼스트\", \"얼그레이\", \"복숭아티\", \"자몽허니과일티\", \"레몬허니과일티\", \"유자허니과일티\", \"자몽허니블랙티\", \"메이플크룽지\", \"시나몬크룽지\", \"더블샷 카라멜 팝콘\", \"콘소메 수프맛 팝콘\", \"다크초코칩 쿠키\", \"더블초코칩 쿠키\", \"오트밀 크랜베리 쿠키\", \"피스타치오 아몬드 쿠키\", \"마쉬멜로우 코코넛 쿠키\", \"까망베르치즈단백질쿠키\", \"체다치즈단백질쿠키\", \"생크림카스테라 화이트\", \"생크림카스테라 딸기\", \"화이트 생크림 롤케이크\", \"초코 생크림 롤케이크\", \"달콤블랙벨벳케익\", \"모카마카롱\", \"바닐라마카롱\", \"산딸기마카롱\", \"초코마카롱\", \"블루베리마카롱\", \"뉴욕치즈케익\", \"티라미수\", \"에스프레소 샷 추가\", \"디카페인 원두 변경\", \"휘핑크림 추가\", \"바닐라시럽 추가\"]'),('디저트조이','[\"앙금플라워 케이크 1호\", \"숫자떡케이크\", \"얼음소주케이크\", \"미역국케이크\", \"골드바케이크\", \"앙금플라워 케이크 2단 (2호/4호)\", \"앙금플라워 케이크 2단 (1호/3호)\", \"반전케이크 변경 (돈나오는 케이크)\", \"앙금플라워 케이크 4호\", \"앙금플라워 케이크 3호\", \"앙금플라워 케이크 2호\", \"구움찰떡\", \"앙금플라워 클래스\"]'),('더벤티 공릉중앙점','[\"[HOT]아메리카노\", \"[ICE]아메리카노\", \"카페라떼\", \"오트카페라떼\", \"믹스커피\", \"바닐라 / 헤이즐넛 딥라떼\", \"캬라멜마끼아또\", \"토피넛 라떼\", \"카페모카\", \"연유 라떼\", \"아이스크림라떼\", \"코코넛라떼\", \"(하프벤티) 아인슈페너\", \"(하프벤티) 말차아인슈페너\", \"콜드브루\", \"콜드브루라떼\", \"크림콜드브루\", \"딸기라떼\", \"미숫가루\", \"미숫가루라떼\", \"멜팅초코\", \"초코라떼\", \"말차라떼\", \"로얄밀크티\", \"군고구마라떼\", \"버블티\", \"요거트스무디\", \"크러쉬\", \"프라페\", \"코코넛커피프라페\", \"쉐이크\", \"과채주스\", \"체리콕\", \"에이드\", \"크림 / 메론 소다\", \"복숭아 아이스티\", \"허니티\", \"티\", \"티\"]'),('버터키튼','[\"플레인 피낭시에\", \"플레인 퀸아망\", \"바닐라 다쿠아즈\", \"단호박 피낭시에\", \"쿼드러플 치즈 피낭시에\", \"더블 초콜릿 피낭시에\", \"메이플 위스키 피낭시에\", \"트리플 코코넛 피낭시에\", \"흑임자 피낭시에\", \"쑥인절미 피낭시에\", \"흑임자 퀸아망\", \"제주 말차 퀸아망\", \"더블 초콜릿 퀸아망\", \"흑임자 다쿠아즈\", \"인절미 다쿠아즈\", \"더블 초콜릿 다쿠아즈\", \"라즈베리 크림치즈 다쿠아즈\", \"제주 말차 다쿠아즈\", \"크렌베리 갈레트브루통\", \"바닐라 갈레트브루통\", \"다크초콜릿 갈레트브루통\", \"제주호지차 갈레트브루통\", \"마리아쥬 프레르(웨딩 임페리얼)\", \"아메리카노\", \"고씨 곳간 유기농 제주 말차\", \"마리아쥬 프레르(쟈스민 만다린)\", \"마리아쥬 프레르(프렌치 블루)\"]'),('G3coffee','[\"샐러드\", \"샌드위치\", \"토스트\", \"딸기라떼\", \"아메리카노\", \"녹차라떼\", \"초코라떼\", \"카라멜마끼아또\", \"바닐라라떼\", \"까페모카\", \"까페라떼\", \"커피드립선물셋트\", \"딸기에이드\", \"복숭아 아이스티\", \"레몬에이드\", \"자몽에이드\", \"청포도에이드\", \"블루베리에이드\", \"블랙자몽티\", \"레몬아이스티\", \"히비스커스티\", \"허브티\", \"딸기스무디\", \"청포도스무디\", \"베리믹스스무디\", \"망고스무디\", \"블루베리스무디\", \"어린이사과주스\"]'),('카페루바토','[\"밀크티\", \"쑥라테\", \"눈꽃빙수\", \"아메리카노(HOT)\", \"아메리카노(ICE)\", \"카페라테(HOT)\", \"카페라테(ICE)\", \"미숫가루 쉐이크\", \"딸기라테\", \"더치아메리카노(ice)\", \"더치아메리카노(hot)\", \"레몬에이드\", \"에스프레소\", \"자몽에이드\", \"따뜻한 레몬차, 자몽차\", \"미숫가루\"]'),('앤티앤스프레즐 이마트월계점','[\"옥수수 크림치즈 스틱\", \"아몬드 옥수수 크림치즈 스틱\", \"제로레몬에이드\", \"시나몬 슈가 스틱\", \"크림치즈 스틱\", \"아몬드 크림치즈 스틱\", \"할라피뇨 치즈 핫도그\", \"블랙페퍼 치즈 핫도그\", \"레몬에이드\", \"오리지널 스틱\", \"아몬드 스틱\", \"갈릭 스틱\", \"어니언 스틱\", \"핫도그\", \"오리지널 프레즐\", \"아몬드 프레즐\", \"갈릭 프레즐\", \"어니언 프레즐\", \"시나몬 슈가 프레즐\", \"페퍼로니 프레즐\", \"옥수수 크림치즈 바이트\", \"레몬티\", \"유자티\", \"청포도레몬티\", \"자몽레몬티\", \"블루큐라소\", \"스트로베리\", \"키위바나나\", \"청포도\", \"자몽\", \"애플망고 레몬에이드\", \"유자에이드\", \"피치유자\", \"애플유자\", \"리치 티에이드\", \"복숭아 티에이드\", \"애플망고 티에이드\", \"아메리카노(HOT)\", \"아메리카노(ICE)\", \"카페라떼(HOT)\", \"카페라떼(ICE)\", \"카푸치노(HOT)\", \"바닐라 라떼(HOT)\", \"바닐라 라떼(ICE)\", \"카라멜 라떼(HOT)\", \"카라멜 라떼(ICE)\", \"카페모카(HOT)\", \"카페모카(ICE)\", \"녹차라떼(HOT)\", \"녹차라떼(ICE)\", \"핫 초코\", \"아이스 초코\", \"체다치즈 딥\", \"크림치즈 딥\", \"핫살사치즈 딥\", \"핫토마토 딥\"]'),('청자다방 공릉점','[\"아메리카노(HOT)\", \"리얼군고구마라떼(HOT/ICE)\", \"아메리카노(ICE)\", \"카페라떼(HOT/ICE)\", \"청자스페셜(ICE)\", \"퐁크러쉬\", \"단호박라떼 (HOT/ICE)\", \"청자다방커피(HOT/ICE)\"]'),('달리는커피 공릉숲길점','[\"아메리카노\", \"달커스페셜 샌드위치\", \"시그니처파스타 샐러드\", \"카페라떼\", \"카푸치노(HOT)\", \"바닐라라떼\", \"카라멜라떼\", \"헤이즐넛라떼\", \"카페모카\", \"시나몬모카\", \"에스프레소 연유라떼\", \"초코라떼\", \"그린티라떼\", \"오곡라떼\", \"달커밀크티\", \"토피넛라떼\", \"딸기라떼(ICE)\", \"딸기주스(ICE)\", \"바나나주스(ICE)\", \"토마토주스(ICE)\", \"파인애플주스(ICE)\", \"딸기바나나주스(ICE)\", \"클렌즈주스 그린(ICE)\", \"클렌즈주스 레드(ICE)\", \"클렌즈주스 오렌지당근(ICE)\", \"레몬티(HOT)\", \"자몽티(HOT)\", \"얼그레이티\", \"캐모마일티\", \"복숭아아이스티\", \"그린티 프라페(ICE)\", \"쿠키앤크림 프라페(ICE)\", \"토피넛 프라페(ICE)\", \"에스프레소 프라페(ICE)\", \"딸기 스무디(ICE)\", \"자몽 스무디(ICE)\", \"청포도 스무디(ICE)\", \"플레인 요거트 스무디(ICE)\", \"딸기 요거트 스무디(ICE)\", \"레몬 에이드(ICE)\", \"자몽 에이드(ICE)\", \"청포도 에이드(ICE)\", \"제주말차 버블티(ICE)\", \"흑당 버블티(ICE)\", \"더블초코 버블티(ICE)\", \"블랙 버블티(ICE)\", \"딸기코코넛 버블티(ICE)\", \"시즌) 납작복숭아 에이드(ICE)\", \"시즌) 납작복숭아 스무디(ICE)\", \"시즌) 납작복숭아요거트 스무디(ICE\", \"시즌) 라임스파클링 에이드(ICE)\", \"시즌) 라임레몬 크러쉬(ICE)\", \"시즌) 라임얼그레이 아이스티(ICE)\", \"시즌) 라임캐모마일 릴렉서(HOT)\", \"시즌) 바닐라프로틴 스무디\", \"시즌) 딸기프로틴 스무디\", \"시즌) 초코프로틴 스무디\", \"시즌) 청포도샴페인 스무디(논알콜)\", \"시즌) 피나콜라다청포도 스무디(논알콜\", \"시즌) 로스트치킨 달커롤\", \"시즌) 크래미 달커롤\", \"시즌) 연어 달커롤\", \"시즌) 소불고기 달커롤\", \"햄치즈 샌드위치\", \"로스트치킨 샌드위치\", \"에그 샌드위치\", \"핫치킨 샌드위치\", \"크래미 샌드위치\", \"케이준치킨 샌드위치\", \"단호박베이컨 샌드위치\", \"베이컨올리브 샌드위치\", \"호밀연어 샌드위치\", \"크림치즈연어 베이글\", \"불고기바질 샌드위치\", \"불고기에그 샌드위치\", \"감자샐러드 샌드위치\", \"고구마샐러드 샌드위치\", \"시즌) 싸이 쏘이 샌드위치\", \"시즌) 싸이 핫 샌드위치\", \"그린 샐러드\", \"로스트치킨 샐러드\", \"단호박에그 샐러드\", \"구운가지버섯 샐러드\", \"치폴레크래미 샐러드\", \"두부가라아게 샐러드\", \"케이준치킨 샐러드\", \"에그베이컨 샐러드\", \"리코타치즈 샐러드\", \"연어 샐러드\", \"불고기에그 샐러드\", \"불고기파스타 샐러드\", \"시즌) 로스트싸이 샐러드\", \"누텔라 바나나 토스트\", \"카야버터 토스트\", \"카야치즈 토스트\", \"햄치즈 토스트\", \"핫치킨 토스트\", \"모짜렐라가지버섯 토스트\", \"모짜렐라페퍼로니 토스트\", \"시즌) 복숭아&리코타 토스트\"]'),('디저트39 공릉점','[\"프리미엄 딸기라떼(ICE (벤티))\", \"프리미엄 딸기라떼(ICE(대용량))\", \"크로칸슈(1개)\", \"오리지널 도쿄롤 S(S)\", \"프리미엄 도쿄 5색롤\", \"프렌치 쿠키 슈\", \"리ㅂㅠ 서비스메뉴\", \"곰돌이 텀블러(베어곰)\", \"신메뉴//생 수박주스(ICE(벤티))\", \"홍콩 망고 수박 버켓 화채\", \"홍콩 청사과 수박 버켓 화채\", \"제로 칼로리 복숭아 아이스티(0칼로리)(ICE(대용량))\", \"저칼로리 복숭아 청포도 아이스티(19.9칼로리)(ICE(벤티))\", \"저칼로리 복숭아 망고 아이스티(19.9칼로리)(ICE(벤티))\", \"비타 2000 저칼로리 레몬 블랜딩(11칼로리)\", \"비타 2000 저칼로리 청포도 블랜딩(14칼로리)\", \"비타 2000 저칼로리 자몽 블랜딩(14칼로리)\", \"비타 2000 저칼로리 리치 블랜딩(10칼로리)(ICE(대용량))\", \"슬림카페오레(ICE(벤티))\", \"제로칼로리 청사과 피치 아이스티(0칼로리)(ICE(대용량))\", \"제로칼로리 청사과 캐모마일티(0칼로리)(ICE(벤티))\", \"저칼로리 청사과 스무디(9.6칼로리)(ICE(벤티))\", \"슬림 딸기라떼(26.8칼로리)(ICE(대용량))\", \"저칼로리 청포도 탄산수(12.3칼로리)\", \"슬림 청포도 스무디(26.8칼로리)(ICE(벤티))\", \"슬림 청포도 스무디(26.8칼로리)(ICE(대용량))\", \"저칼로리 콜라겐 퀸즈베리 티에이드(12.5칼로리)(ICE(대용량))\", \"저칼로리 콜라겐 퀸즈베리 히비스커스티(9.35칼로리)(ICE(벤티))\", \"저칼로리 콜라겐 슬림 퀸즈베리 스무디(20.7칼로리)(ICE(벤티))\", \"슬림 청포도 레몬 캐모마일티(ICE(벤티))\", \"슬림 딸기 레몬 캐모마일티(ICE(벤티))\", \"슬림 청포도 리치 히비스커스티(ICE(벤티))\", \"슬림 망고 레몬 캐모마일티(ICE(벤티))\", \"레드리치 슬림 티에이드(11.7칼로리)\", \"레드깔라만시 슬림 티에이드(11.7칼로리)\", \"레드청포도 슬림 티에이드(13.2칼로리)\", \"레드망고 슬림 티에이드(13칼로리)\", \"히비스커스 리치에이드(ICE(대용량))\", \"슬림 망고 라떼(32,6칼로리)(ICE(대용량))\", \"슬림 망고 요거트 스무디(29칼로리)(ICE(벤티))\", \"슬림 리얼 생 초코라떼(30.6칼로리)(ICE( 벤티))\", \"슬림 딸기 요거트 라떼(24.8칼로리)(ICE(벤티))\", \"슬림 망고 스무디(28.8칼로리)(ICE(벤티))\", \"슬림 플레인 요거트 스무디(20.6칼로리)(ICE(벤티))\", \"슬림 타로 JMT(ICE(대용량))\", \"제로칼로리 깔라만시 탄산수(ICE(벤티))\", \"제로칼로리 깔라만시 캐모마일티(ICE(벤티))\", \"제로칼로리 깔라만시 스무디(ICE(벤티))\", \"위험한 토끼 아메리카노\", \"위험한 토끼 아이스티\", \"위험한 토끼 리얼생초코라떼\", \"위험한 토끼 돌체라떼\", \"위험한 토끼 딸기라떼\", \"위험한 토끼 허니자몽 블랙티\", \"위험한 토끼 흑임자크림 라떼\", \"위험한 토끼 흑당밀크티\", \"위험한 토끼 정말 맛있는 자바칩 프로틴 쉐이크(ICE)\", \"리치캐모마일딥슬립(청포도블랜디드)(ICE(대용량))\", \"트로피칼 쥬스무디(ICE (대용량))\", \"피치자몽 아이스티(ICE (대용량))\", \"피치오렌지 아이스티(ICE (대용량))\", \"복숭아 아이스티 코코넛젤리(ICE (대용량))\", \"레드청포도 티에이드(ICE (대용량))\", \"레드망고 티에이드(ICE (대용량))\", \"쑥 크림 라떼(ICE (대용량))\", \"흑임자 크림 라떼(ICE (대용량))\", \"아메리카노(ICE대용량)(2샷)\", \"아메리카노(ICE대용량)(3샷)\", \"아메리카노(ICE대용량)(4샷)\", \"캐미망고 비타티(ICE (대용량))\", \"캐미레몬 비타티(ICE (대용량))\", \"캐미청포도 비타티(ICE (대용량))\", \"히비스커스 피치자몽티(Ice (대용량))\", \"캐모마일피치오렌지티(Ice (대용량))\", \"리치복숭아블랙티(ICE(대용량))\", \"허니자몽 블랙티(ICE (대용량))\", \"프리미엄 망고라떼(ICE (벤티))\", \"프리미엄 망고라떼(ICE(대용량))\", \"프리미엄 헛개수(ICE (대용량))\", \"피치블랙퍼스트티(Ice (대용량))\", \"아메리카노(HOT(그란데))\", \"아메리카노(HOT(벤티))\", \"아메리카노(ICE(벤티))\", \"카페라떼(HOT (그란데))\", \"카페라떼(HOT (벤티))\", \"카페라떼(ICE (벤티))\", \"바닐라라떼(HOT (그란데))\", \"바닐라라떼(HOT (벤티))\", \"바닐라라떼(ICE (벤티))\", \"바닐라라떼(ICE(대용량))\", \"카라멜 마끼아또(HOT (그란데))\", \"카라멜 마끼아또(HOT (벤티))\", \"카라멜 마끼아또(ICE (벤티))\", \"돌체라떼(HOT (그란데))\", \"돌체라떼(HOT (벤티))\", \"돌체라떼(ICE (벤티))\", \"돌체라떼(ICE(대용량))\", \"카페 모카(HOT (그란데))\", \"카페 모카(HOT (벤티))\", \"카페 모카(ICE (벤티))\"]'),('딜리스','[\"오늘의 디저트 1pcs\", \"허니콤소프트아이스크림\", \"밀크소프트아이스크림\", \"시즌케잌 1pcs\", \"버터스콘 1pcs\", \"솔티카라멜파운드 1pcs\", \"얼그레이파운드 1pcs\", \"말차단팥파운드 1pcs\", \"유자파운드 1pcs\"]'),('롬브 노원','[\"두바이 초콜릿\", \"우유생크림도넛\", \"크림뷔릴레 도넛\", \"누텔라초코 도넛\", \"딸기크림치즈 도넛\", \"생 딸기 우유생크림 도넛-겨울시즌메뉴\", \"크림치즈 도넛\", \"라즈베리크림치즈 도넛\", \"뽀도 치즈 도넛\", \"오레오 생크림 도넛\", \"카야&버터 도넛\", \"흑임자 도넛\", \"피넛 버터 도넛\", \"바닐라 커스터드 도넛\", \"레몬 커스터드 도넛\", \"인절미크림 도넛\", \"블루베리크림치즈 도넛\", \"말차크림 도넛\"]'),('미라쥬양과점 공릉철길점','[\"마들렌\", \"휘낭시에\", \"마카롱\", \"8구 선물세트\", \"4구 선물세트\", \"아메리카노 hot/ice\", \"12구 선물세트\", \"딸기라떼 only ice\", \"미라쥬종합세트\", \"카페라떼 hot/ice\", \"바닐라라떼 hot/ice\", \"말차라떼 only ice\", \"토피넛라떼 hot/ice\", \"발로나초코라떼 hot/ice\", \"블루베리라떼 only ice\", \"아쌈밀크티\", \"Ade.피치라임\", \"Ade.블루레몬\", \"Ade.청포도\", \"Ade.패션후르츠\", \"Ade.샹그리아 (논알콜)\"]'),('바이레인베이크샵','[\"명란감자베이글\", \"바질페스토페스츄리\", \"초당옥수수페스츄리\", \"애플파이\", \"멜론망고크레이프\", \"유자얼그레이크루키\", \"초코칩크루키\", \"블루베리우유케익\", \"망고우유크레이프\"]'),('베이킹덕','[\"딸기샤워 케이크\", \"카라멜 얼그레이 케이크\", \"밀키메론 케이크\", \"자몽베르 케이크\", \"초코브라우니 케이크\", \"초바나 케이크\", \"봄날의말차 케이크\", \"밀키웨이 케이크\"]'),('봉명동내커피 노원공릉점','[\"[대용량]1리터보틀봉내.아메리카노\", \"봉내만쥬(12p)\", \"[여름한정]1리터보틀 생수박쥬스\", \"봉.내떡볶이(보통맛)\", \"봉.내떡볶이(매운맛)\", \"봉.내떡볶이(보통맛+치즈추가)\", \"봉.내떡볶이(매운맛+치즈추가)\", \"1리터보틀 콜드브루(only ice)\", \"1리터보틀디카페인 콜드브루(only ice)\", \"아메리카노2+1(큰사이즈3잔)\", \"아메리카노3+2(큰사이즈5잔)\", \"돌체라떼\", \"콜드브루라떼(only ice)\", \"콜드브루 돌체라떼(only ice)\", \"디카페인 콜드브루라떼(only ice)\", \"디카페인 콜드브루 돌체라떼(only ice)\", \"콜드브루\", \"디카페인 콜드브루\", \"아메리카노\", \"봉다방커피\", \"카페라떼\", \"바닐라라떼\", \"카라멜라떼\", \"카페모카\", \"1리터보틀 돌체라떼\", \"1리터보틀 콜드브루라떼\", \"1리터보틀 콜드브루 돌체라떼\", \"1리터보틀 디카페인 콜드브루라떼\", \"1리터보틀 딸기라떼\", \"1리터보틀 자몽허니블랙티\", \"1리터보틀 청포도아이스티\", \"1리터보틀 석류아이스티\", \"1리터보틀 딸기쥬스\", \"1리터보틀 봉다방커피\", \"1리터보틀 미숫가루\", \"1리터보틀 고구마라떼\", \"1리터보틀 대용량식혜\", \"1리터보틀 대용량매실차\", \"1리터보틀 복숭아쉐이크\", \"1리터보틀 배쉐이크\", \"1리터보틀 아이스티\", \"1리터보틀 키위쉐이크\", \"1리터보틀 샤인머스켓쉐이크\", \"1리터보틀 샤인머스켓에이드\", \"1리터보틀 자몽에이드\", \"1리터보틀 유자에이드\", \"1리터보틀 체리콕에이드\", \"1리터보틀 체리에이드\", \"1리터보틀 레몬에이드\", \"토피넛쉐이크\", \"샤인머스켓쉐이크\", \"로투스비스코프쉐이크\", \"죠리퐁쉐이크\", \"체리쉐이크\", \"메론밀크쉐이크\", \"봉다방쉐이크\", \"소다쉐이크\", \"오레오쉐이크\", \"콘프라이트쉐이크\", \"인절미쉐이크\", \"콘프라이트초코쉐이크\", \"딸기쿠키쉐이크\", \"키위쉐이크\", \"//강추//배쉐이크\", \"복숭아쉐이크\", \"민트오레오쉐이크\", \"딸기쉐이크\", \"밀크쉐이크\", \"샤인머스켓에이드\", \"유자에이드\", \"자몽에이드\", \"체리에이드\", \"레몬에이드\", \"체리콕에이드\", \"딸기라떼\", \"청포도 아이스티\", \"석류 아이스티\", \"자몽허니 블랙티\", \"고구마라떼\", \"그린티라떼\", \"미숫가루라떼\", \"초코라떼\", \"복숭아아이스티\", \"식혜\", \"매실차\", \"토피넛라떼\", \"[여름한정]생수박쥬스\", \"딸기쥬스\", \"블루베리쥬스\", \"바나나쥬스\", \"딸기바나나쥬스\", \"블루베리바나나쥬스\", \"플레인요거트스무디\", \"블루베리요거트스무디\", \"딸기요거트스무디\", \"녹차\", \"캐모마일\", \"페퍼민트\", \"유자차\", \"자몽차\"]'),('블루마일스커피로스터즈','[\"피콜로아이스크림라떼\", \"에그타르트스콘\", \"바스크치즈케이크\", \"버터스카치\", \"너티블루라떼\", \"호지차슈페너\", \"필터커피\", \"바질토마토소다\", \"(시즈널)낑깡 소다\", \"(시즈널)봄딸기말차라떼\", \"딸기푸딩\", \"빅토리아케이크\", \"(봄시즌)스모어딥쿠키\", \"(봄시즌)후레쉬베리\", \"(봄시즌)딸기크럼블스콘\", \"(봄시즌)콜비잭황치즈\", \"빅토리아스콘\", \"초코 에그스콘\", \"얼그레이 에그스콘\", \"말차품은초나숲\", \"뉴욕르뱅쿠키\", \"레드벨벳오레오쿠키\", \"바나나푸딩\", \"더블에스프레소\", \"에스프레소듀엣\", \"아메리카노\", \"롱블랙\", \"카페라떼\", \"플랫화이트\", \"카푸치노\", \"망고패션후르츠소다\", \"Tea\", \"말차라떼\"]'),('비스킷플로어','[\"비스킷라떼\", \"아메리카노\", \"에스프레소\", \"바닐라라떼\", \"더치커피\", \"플랫화이트\", \"카페라떼\", \"프룻한라봉\", \"초코라떼\", \"드립백세트\", \"비스킷쿠키\", \"비스킷블랜드\"]'),('빔블커피','[\"빔블커피\", \"딸기라떼\", \"패션후르츠 티\", \"돼지바 쿠키\", \"얼그레이 레몬쿠키\", \"헤이즐넛 카카오 쿠키\", \"클래식초코칩 쿠키\", \"말차화이트초코 쿠키\", \"황치즈 쿠키\", \"티라미수\", \"바스크치즈케이크\", \"바나나푸딩\"]'),('스타벅스 공릉역점','[\"복숭아 아이스 티\", \"런던 포그 티 라떼\", \"더 멜론 오브 멜론 프라푸치노\", \"제주 팔삭 자몽 허니 블렌디드\", \"프렌치 바닐라 라떼\", \"복숭아 핫 티\", \"플랫 화이트\", \"카페 아메리카노\", \"카페 라떼\", \"스타벅스 돌체 라떼\", \"카페 모카\", \"카푸치노\", \"카라멜 마키아또\", \"커피 스타벅스 더블 샷\", \"바닐라 스타벅스 더블 샷\", \"헤이즐넛 스타벅스 더블 샷\", \"에스프레소\", \"에스프레소 마키아또\", \"에스프레소 콘 파나\", \"콜드 브루\", \"돌체 콜드 브루\", \"바닐라 크림 콜드 브루\", \"오트 콜드 브루\", \"블론드 플랫 화이트\", \"블론드 카페 아메리카노\", \"블론드 카페 라떼\", \"블론드 바닐라 더블 샷 마키아또\", \"블론드 스타벅스 돌체 라떼\", \"디카페인 플랫 화이트\", \"디카페인 카페 아메리카노\", \"디카페인 카페 라떼\", \"디카페인 스타벅스 돌체 라떼\", \"디카페인 카라멜 마키아또\", \"1/2디카페인 플랫 화이트\", \"1/2디카페인 스타벅스 돌체 라떼\", \"1/2디카페인 카라멜 마키아또\", \"1/2디카페인 카페 라떼\", \"1/2디카페인 카페 아메리카노\", \"얼 그레이 바닐라 티 라떼\", \"스타벅스 클래식 밀크 티\", \"차이 티 라떼\", \"제주 말차 라떼\", \"유자 민트 티\", \"자몽 허니 블랙 티\", \"제주 유기농 녹차로 만든 티\", \"잉글리쉬 브렉퍼스트 티\", \"얼 그레이 티\", \"유스베리 티\", \"히비스커스 블렌드 티\", \"민트 블렌드 티\", \"캐모마일 블렌드 티\", \"쿨 라임 피지오\", \"피치 딸기 피지오\", \"유자 패션 피지오\", \"망고 용과 레모네이드 스타벅스 리프레셔\", \"더블 에스프레소 칩 프라푸치노\", \"제주 말차 크림 프라푸치노\", \"자바 칩 프라푸치노\", \"초콜릿 크림 칩 프라푸치노\", \"카라멜 프라푸치노\", \"에스프레소 프라푸치노\", \"딸기 딜라이트 요거트 블렌디드\", \"망고 바나나 블렌디드\", \"망고 패션 티 블렌디드\", \"아이스 커피 - 하시엔다 알사시아\", \"오늘의 커피 - 하시엔다 알사시아\", \"시그니처 핫 초콜릿\", \"스팀 우유\", \"우유\", \"딸기주스 190ML\", \"유기농 오렌지 100% 주스 190ML\", \"햇사과 주스 190ML\", \"망고주스 190ML\", \"케일&사과주스 190ML\", \"한라봉주스 190ML\", \"블루베리 요거트 190ML\", \"에비앙 500ML\", \"페리에 라임 330ML\", \"유기농 스파클링 애플 주스 296ML\"]'),('시프스','[\"밤밤(떠먹는 밤 커피)\", \"수수(떠먹는 옥수수 커피)\", \"아시나\", \"솔티드 카라멜 슈페너\", \"청포도청귤에이드\", \"시프스 초콜릿 브라우니\", \"에어로 아메리카노\", \"카페라떼\", \"솔티드 카라멜 라떼\", \"패션후르츠 레몬에이드\", \"아메리카노\"]'),('오누이','[\"수제요거트\", \"수제그릭요거트\", \"그릭후르츠산도\"]'),('오오키 베이크','[\"플레인베이글\", \"올리브베이글\", \"통밀찹쌀소금스콘\", \"시나몬소보로 베이글\", \"다크초코칩스콘\", \"플레인 스콘\", \"무화과 베이글\", \"다크초코호두 베이글\", \"초코칩쿠키 베이글\", \"다크초코칩 스콘\", \"에브리띵 베이글\", \"비건베이킹-창업반\"]'),('온아워오프','[\"버터크림라떼\", \"메론크림라떼\", \"아이스초코\", \"소금빵\", \"에그마요 소금빵\", \"마늘크림소금빵\", \"소금빵 샌드위치\", \"에그타르트\", \"아메리카노\", \"카페라떼\", \"돌체라떼\", \"바닐라라떼\", \"자두에이드\", \"루이보스에이드\", \"밀크티\"]'),('우아즈','[\"타이 홍차 밀크티\", \"순수 흑임자 밀크\", \"수제 달고나 밀크티\", \"우아즈 에이드\", \"베리라떼\", \"청귤차\", \"아이스크림 인절미 츄러스\", \"얼그레이 쇼콜라\", \"라즈베리초코 밀크\", \"패션후르츠 에이드\", \"딸기에이드\", \"크림 블루소다\", \"크림 메론소다\", \"청귤 에이드\", \"아이스크림 시나몬 초코 츄러스\", \"시나몬 초코 츄러스\", \"아메리카노\", \"카페라떼\", \"바닐라빈 라떼\", \"썸머라떼\", \"아인슈페너\", \"초콜릿라떼\", \"복숭아 아이스티\", \"아이스크림 크로플\", \"얼그레이 케이크\", \"맥주\", \"댕댕이간식/멍푸치노\"]'),('칸텐','[\"사워도우 바게트\", \"프레첼\", \"올리브4치즈 깜빠뉴\", \"호밀60%\", \"할라피뇨 치즈 에삐\", \"생크림스콘\", \"크렌베리스콘\", \"우유식빵\", \"올리브치즈식빵\", \"앙버터\", \"치아바타\", \"올리브치아바타\", \"치즈 치아바타\", \"에그타르트\"]'),('커피스피릿','[\"바나나크림파이\", \"only ice버터스카치크림라떼\", \"카페라떼\", \"통통 티라미수\", \"바질토마토에이드\", \"자두에이드\", \"아메리카노\", \"바닐라빈라떼\", \"only ice초콜릿라떼\", \"only ice밀크티\", \"디카페인 아메리카노\"]'),('프로젝트서울 과기대점','[\"크림브륄레 도넛\", \"생크림 도넛\", \"앙버터 도넛\", \"초코 도넛\", \"인절미 도넛\", \"바닐라 도넛\", \"로투스 도넛\", \"흑임자 초코 도넛\", \"말차 초코 도넛\", \"소금 도넛\", \"슈가 도넛\", \"도넛 샌드\", \"당근 케익\", \"타이 밀크티\", \"시그니처 초코\", \"로즈레몬티\", \"블랙티\"]'),('호이폴로이커피로스터스','[\"필터커피(배치브루)\", \"카페라떼\", \"소금빵\", \"핸드드립\", \"커피피칸마들렌\", \"솔티 카라멜 휘낭시에(2ea)\", \"푸름쿠키\", \"버터스콘\", \"플랫화이트\", \"바닐라라떼\", \"에스프레소\"]'),('휘드카페 하계점','[\"시그니처아메리카노\", \"다크아메리카노\", \"카푸치노\", \"카페라떼\", \"바닐라카페라떼\", \"헤이즐넛카페라떼\", \"메이플 카페라떼\", \"카페카라멜마끼아또\", \"카페모카\", \"돌체(연유)라떼\", \"흑당 카페라떼\", \"흑당 달고나 카페라떼\", \"콜드브루/디카페인 콜드브루\", \"콜드브루 라떼\", \"콜드브루 큐브라떼\", \"콜드브루 아인슈페너\", \"초코 라떼\", \"그린티 라떼\", \"홍차 라떼\", \"민트초코 라떼\", \"자색고구마 라떼\", \"초당 옥수수 라떼\", \"흑당 미숫가루 라떼\", \"리얼 딸기 라떼\", \"버블 밀크티\", \"버블티(타로/초코/커피/그린티)\", \"버블티(카라멜/자색고구마/리얼코코넛)\", \"흑당 버블티\", \"스무디 버블티\", \"과일 스무디\", \"죠리퐁 스무디\", \"프라페\", \"에이드(레몬/유자/청귤/자몽/청포도)\", \"복숭아 송송 아이스티\", \"프리미엄 유기농 티\", \"프리미엄 블렌딩 티\", \"건강차\", \"프렌치크로플\", \"누텔라\", \"로투스\", \"체다치즈\", \"애플시나몬\", \"크리미갈릭\", \"피넛 솔티드카라멜\", \"브라운치즈\", \"다크초코크런치\", \"흑당인절미\", \"카야 코코넛\", \"블루베리 생크림\", \"딸기 생크림\", \"샤인머스캣 생크림\", \"골드키위 생크림\", \"마카롱\"]');

CREATE TABLE cafes (
  cafe_name VARCHAR(100) DEFAULT NULL,
  address VARCHAR(255) DEFAULT NULL,
  phone VARCHAR(20) DEFAULT NULL,
  url VARCHAR(255) DEFAULT NULL,
  pet_friendly BOOLEAN DEFAULT FALSE,
  wifi BOOLEAN DEFAULT FALSE,
  takeout BOOLEAN DEFAULT FALSE,
  group_friendly BOOLEAN DEFAULT FALSE,
  easy_payment BOOLEAN DEFAULT FALSE,
  parking BOOLEAN DEFAULT FALSE,
  delivery BOOLEAN DEFAULT FALSE,
  PRIMARY KEY (cafe_name),
  UNIQUE (cafe_name, address, phone, url)
);

INSERT INTO cafes VALUES ('커피스피릿','서울 노원구 공릉로37길 13 1층 커피스피릿','0507-1305-9471','https://map.naver.com/p/search/%EA%B3%B5%EB%A6%89%EC%97%AD+%EC%B9%B4%ED%8E%98/place/1383010334?c=15.00,0,0,0,dh',1,1,1,1,1,1,0),('프로젝트서울 과기대점','서울 노원구 동일로198길 74 1~2층','0507-1460-7925','https://map.naver.com/p/search/%EA%B3%B5%EB%A6%89%EC%97%AD+%EC%B9%B4%ED%8E%98/place/1806441090?c=15.00,0,0,0,dh',0,1,1,1,1,1,1),('오누이','서울 노원구 동일로187길 12-47','0507-1400-1453','https://map.naver.com/p/search/%EA%B3%B5%EB%A6%89%EC%97%AD+%EC%B9%B4%ED%8E%98/place/37873802?c=15.00,0,0,0,dh',0,0,1,0,0,0,0),('블루마일스커피로스터즈','서울 노원구 동일로190길 65 2층','0507-1469-1016','https://map.naver.com/p/search/%EA%B3%B5%EB%A6%89%EC%97%AD+%EC%B9%B4%ED%8E%98/place/1505598385?c=15.00,0,0,0,dh',1,1,1,1,1,0,1),('우아즈','서울 노원구 공릉로27길 72-3 1층','0507-1444-8092','https://map.naver.com/p/search/%EA%B3%B5%EB%A6%89%EC%97%AD+%EC%B9%B4%ED%8E%98/place/1639526739?c=15.00,0,0,0,dh',1,1,1,1,0,0,1),('롬브 노원','서울 노원구 동일로190길 21 101호','0507-1353-7539','https://map.naver.com/p/search/%EA%B3%B5%EB%A6%89%EC%97%AD+%EC%B9%B4%ED%8E%98/place/1992283772?c=15.00,0,0,0,dh',0,1,1,0,0,1,1),('스타벅스 공릉역점','서울 노원구 동일로 1081',NULL,'https://map.naver.com/p/search/%EA%B3%B5%EB%A6%89%EC%97%AD+%EC%B9%B4%ED%8E%98/place/160721567?c=15.00,0,0,0,dh',0,0,0,0,0,1,0),('비스킷플로어','서울 노원구 동일로190길 6 1층 6호','010-7709-8610','https://map.naver.com/p/search/%EA%B3%B5%EB%A6%89%EC%97%AD+%EC%B9%B4%ED%8E%98/place/1138636883?c=15.00,0,0,0,dh',0,0,0,0,0,0,0),('시프스','서울 노원구 동일로186길 67-20 1층 시프스','0507-1358-1314','https://map.naver.com/p/search/%EA%B3%B5%EB%A6%89%EC%97%AD+%EC%B9%B4%ED%8E%98/place/1410541436?c=15.00,0,0,0,dh',0,1,1,1,0,1,0),('미라쥬양과점 공릉철길점','서울 노원구 동일로182길 63-21 1층','0507-1351-9433','https://map.naver.com/p/search/%EA%B3%B5%EB%A6%89%EC%97%AD+%EC%B9%B4%ED%8E%98/place/1212071877?c=15.00,0,0,0,dh',0,0,1,0,0,1,0),('금성다방','서울 노원구 동일로186길 77-17 102호','0507-1473-1511','https://map.naver.com/p/search/%EA%B3%B5%EB%A6%89%EC%97%AD+%EC%B9%B4%ED%8E%98/place/1964431836?c=15.00,0,0,0,dh',0,1,1,0,0,0,0),('온아워오프','서울 노원구 공릉로34길 109 1층 온아워오프','0507-1368-4305','https://map.naver.com/p/search/%EA%B3%B5%EB%A6%89%EC%97%AD+%EC%B9%B4%ED%8E%98/place/1639438174?c=15.00,0,0,0,dh',1,0,1,0,1,0,0),('바이레인베이크샵','서울 노원구 동일로182길 37-6 1층 바이레인','0504-0825-9264','https://map.naver.com/p/search/%EA%B3%B5%EB%A6%89%EC%97%AD+%EC%B9%B4%ED%8E%98/place/1642402650?c=15.00,0,0,0,dh',1,1,1,0,0,0,0),('봉명동내커피 노원공릉점','서울 노원구 공릉로41나길 31 1층','02-6951-0747','https://map.naver.com/p/search/%EA%B3%B5%EB%A6%89%EC%97%AD+%EC%B9%B4%ED%8E%98/place/1572697286?c=15.00,0,0,0,dh',0,0,1,0,0,0,1),('베이킹덕','서울 노원구 동일로192길 80 명성빌딩 1층','0507-1349-1178','https://map.naver.com/p/search/%EA%B3%B5%EB%A6%89%EC%97%AD+%EC%B9%B4%ED%8E%98/place/1953818575?c=15.00,0,0,0,dh',1,1,1,0,1,1,1),('오오키 베이크','서울 노원구 동일로173가길 98 1층 오오키베이크','0507-1393-9937','https://map.naver.com/p/search/%EA%B3%B5%EB%A6%89%EC%97%AD+%EC%B9%B4%ED%8E%98/place/1555754520?c=15.00,0,0,0,dh',0,0,0,0,0,0,0),('칸텐','서울 노원구 동일로186길 53-50 1층','070-8866-1023','https://map.naver.com/p/search/%EA%B3%B5%EB%A6%89%EC%97%AD+%EC%B9%B4%ED%8E%98/place/1305142266?c=15.00,0,0,0,dh',0,0,1,0,0,0,0),('빔블커피','서울 노원구 동일로184길 69-3 빔블커피','0507-1359-9262','https://map.naver.com/p/search/%EA%B3%B5%EB%A6%89%EC%97%AD+%EC%B9%B4%ED%8E%98/place/1261848984?c=15.00,0,0,0,dh',1,1,1,1,0,0,0),('내방','서울 노원구 동일로 1059 1층','010-2736-0567','https://map.naver.com/p/search/%EA%B3%B5%EB%A6%89%EC%97%AD+%EC%B9%B4%ED%8E%98/place/1392393472?c=15.00,0,0,0,dh',0,1,1,0,0,0,0),('lleno','서울 노원구 공릉로58길 117 1층 카페 예노','02-972-3266','https://map.naver.com/p/search/%EA%B3%B5%EB%A6%89%EC%97%AD+%EC%B9%B4%ED%8E%98/place/38526683?c=15.00,0,0,0,dh',0,0,0,0,0,0,0),('딜리스','서울 노원구 공릉로 157 대아아파트상가동101호','010-9108-3576','https://map.naver.com/p/search/%EA%B3%B5%EB%A6%89%EC%97%AD+%EC%B9%B4%ED%8E%98/place/1747780449?c=15.00,0,0,0,dh',1,1,1,0,0,1,0),('휘드카페 하계점','서울 노원구 공릉로58길 108','02-979-0602','https://map.naver.com/p/search/%EA%B3%B5%EB%A6%89%EC%97%AD+%EC%B9%B4%ED%8E%98/place/1446190062?c=15.00,0,0,0,dh',0,1,1,0,0,0,1),('호이폴로이커피로스터스','서울 노원구 동일로186길 64 상가','010-2613-5782','https://map.naver.com/p/search/%EA%B3%B5%EB%A6%89%EC%97%AD+%EC%B9%B4%ED%8E%98/place/1074070561?c=15.00,0,0,0,dh',1,1,1,1,0,1,1),('디저트39 공릉점','서울 노원구 공릉로 153 1층','02-977-3972','https://map.naver.com/p/search/%EA%B3%B5%EB%A6%89%EC%97%AD+%EC%B9%B4%ED%8E%98/place/1384988658?c=15.00,0,0,0,dh',0,0,0,0,0,0,0),('꽃피앙','서울 노원구 동일로186길 71 1층','010-9967-0731','https://map.naver.com/p/search/%EA%B3%B5%EB%A6%89%EC%97%AD+%EC%B9%B4%ED%8E%98/place/37910151?c=15.00,0,0,0,dh',0,1,1,1,0,0,0),('달리는커피 공릉숲길점','서울 노원구 동일로184길 66 1층 101호','02-976-1286','https://map.naver.com/p/search/%EA%B3%B5%EB%A6%89%EC%97%AD+%EC%B9%B4%ED%8E%98/place/1961167381?c=15.00,0,0,0,dh',0,1,1,1,1,0,1),('요고프로즌요거트 공릉점','서울 노원구 공릉로27길 90 102호','0507-1435-2720','https://map.naver.com/p/search/%EA%B3%B5%EB%A6%89%EC%97%AD+%EC%B9%B4%ED%8E%98/place/1331576016?c=15.00,0,0,0,dh',1,1,1,0,1,0,1),('레인템포','서울 노원구 공릉로41길 12 2층','0507-1323-7477','https://map.naver.com/p/search/%EA%B3%B5%EB%A6%89%EC%97%AD+%EC%B9%B4%ED%8E%98/place/1725500471?c=15.00,0,0,0,dh',0,1,1,0,0,0,1),('트리플에이커피 공릉역점','서울 노원구 동일로 1093 1층','0507-1352-2181','https://map.naver.com/p/search/%EA%B3%B5%EB%A6%89%EC%97%AD+%EC%B9%B4%ED%8E%98/place/1878868872?c=15.00,0,0,0,dh',0,1,1,0,1,0,0),('도로시명품찹쌀꽈배기','서울 노원구 공릉로 153 도로시명품찹쌀꽈배기','02-977-9888','https://map.naver.com/p/search/%EA%B3%B5%EB%A6%89%EC%97%AD+%EC%B9%B4%ED%8E%98/place/1556727848?c=15.00,0,0,0,dh',0,0,1,0,0,0,1),('트리킹즈커피 공릉점','서울 노원구 공릉로34길 86 태릉해링턴플레이스 상가 1층','02-949-0101','https://map.naver.com/p/search/%EA%B3%B5%EB%A6%89%EC%97%AD+%EC%B9%B4%ED%8E%98/place/1259992690?c=15.00,0,0,0,dh',0,1,1,0,0,1,0),('와플 스타','서울 노원구 공릉로41길 29-2 신동타운','070-4194-9464','https://map.naver.com/p/search/%EA%B3%B5%EB%A6%89%EC%97%AD+%EC%B9%B4%ED%8E%98/place/514836443?c=15.00,0,0,0,dh',0,0,0,0,0,0,0),('유니온커피로스터','서울 노원구 동일로198길 72','0507-1324-8853','https://map.naver.com/p/search/%EA%B3%B5%EB%A6%89%EC%97%AD+%EC%B9%B4%ED%8E%98/place/36453812?c=15.00,0,0,0,dh',0,1,1,1,0,1,0),('림공방카페','서울 노원구 공릉로58길 106','0507-1407-1839','https://map.naver.com/p/search/%EA%B3%B5%EB%A6%89%EC%97%AD+%EC%B9%B4%ED%8E%98/place/483459910?c=15.00,0,0,0,dh',0,1,1,1,0,1,0),('찹쌀미친꽈배기 공릉점','서울 노원구 동일로 1099','0507-1343-2773','https://map.naver.com/p/search/%EA%B3%B5%EB%A6%89%EC%97%AD+%EC%B9%B4%ED%8E%98/place/1096171792?c=15.00,0,0,0,dh',0,0,1,0,0,0,1),('웰빙쌀빵','서울 노원구 동일로 1074 지하',NULL,'https://map.naver.com/p/search/%EA%B3%B5%EB%A6%89%EC%97%AD+%EC%B9%B4%ED%8E%98/place/1806387272?c=15.00,0,0,0,dh',0,0,0,0,0,0,0),('스타벅스 월계이마트점','서울 노원구 마들로3길 13',NULL,'https://map.naver.com/p/search/%EA%B3%B5%EB%A6%89%EC%97%AD+%EC%B9%B4%ED%8E%98/place/31679253?c=15.00,0,0,0,dh',0,0,0,0,0,1,0),('갤러리카페 봉프레','서울 노원구 공릉로41길 15 갤러리카페 봉프레 1층','0507-1305-1124','https://map.naver.com/p/search/%EA%B3%B5%EB%A6%89%EC%97%AD+%EC%B9%B4%ED%8E%98/place/1247162432?c=15.00,0,0,0,dh',0,1,1,1,0,0,0),('오피셜커피','서울 노원구 동일로184길 69-7 1층 오피셜커피','010-9077-1177','https://map.naver.com/p/search/%EA%B3%B5%EB%A6%89%EC%97%AD+%EC%B9%B4%ED%8E%98/place/1008011249?c=15.00,0,0,0,dh',0,1,1,0,0,0,1),('미라쥬양과점 본점','서울 노원구 동일로196길 15 1F 미라쥬양과점','010-2006-9433','https://map.naver.com/p/search/%EA%B3%B5%EB%A6%89%EC%97%AD+%EC%B9%B4%ED%8E%98/place/1478302582?c=15.00,0,0,0,dh',1,1,1,1,0,1,0),('에이프릴사워','서울 노원구 동일로184길 63-15 1층','0507-1356-2593','https://map.naver.com/p/search/%EA%B3%B5%EB%A6%89%EC%97%AD+%EC%B9%B4%ED%8E%98/place/1985878236?c=15.00,0,0,0,dh',0,1,1,0,0,0,0),('로우베어','서울 노원구 동일로186길 76 1층 101호','0507-1404-8577','https://map.naver.com/p/search/%EA%B3%B5%EB%A6%89%EC%97%AD+%EC%B9%B4%ED%8E%98/place/1383217508?c=15.00,0,0,0,dh',0,1,1,0,0,1,1),('카페 오어낫','서울 노원구 동일로184길 69-9 1층','0507-1334-3240','https://map.naver.com/p/search/%EA%B3%B5%EB%A6%89%EC%97%AD+%EC%B9%B4%ED%8E%98/place/1520249218?c=15.00,0,0,0,dh',1,1,1,1,0,0,1),('공덕골아름드리 북카페모모','서울 노원구 동일로186길 3-24 1층 공덕골아름드리 북카페모모',NULL,'https://map.naver.com/p/search/%EA%B3%B5%EB%A6%89%EC%97%AD+%EC%B9%B4%ED%8E%98/place/1652489752?c=15.00,0,0,0,dh',0,0,0,0,0,0,0),('카페인중독 노원점','서울 노원구 공릉로58길 126 1층 카페인중독','0507-1390-3029','https://map.naver.com/p/search/%EA%B3%B5%EB%A6%89%EC%97%AD+%EC%B9%B4%ED%8E%98/place/1079807775?c=15.00,0,0,0,dh',0,1,1,0,0,1,1),('쿠키순이','서울 노원구 공릉로34길 105 1층 101호','0507-1366-7360','https://map.naver.com/p/search/%EA%B3%B5%EB%A6%89%EC%97%AD+%EC%B9%B4%ED%8E%98/place/1889472957?c=15.00,0,0,0,dh',0,1,1,1,0,0,1),('그대로양과자점','서울 노원구 동일로182길 50 1층','0507-1326-4419','https://map.naver.com/p/search/%EA%B3%B5%EB%A6%89%EC%97%AD+%EC%B9%B4%ED%8E%98/place/1217284653?c=14.00,0,0,0,dh',0,1,1,0,0,1,0),('카페 공동','서울 노원구 동일로178길 59-25 1층 2호','0507-1329-6838','https://map.naver.com/p/search/%EA%B3%B5%EB%A6%89%EC%97%AD+%EC%B9%B4%ED%8E%98/place/1035752494?c=14.00,0,0,0,dh',1,1,1,1,0,0,0),('나무늘보 카툰&북카페','서울 노원구 공릉로 187 건설빌딩 2층','070-8839-7241','https://map.naver.com/p/search/%EA%B3%B5%EB%A6%89%EC%97%AD+%EC%B9%B4%ED%8E%98/place/74229314?c=14.00,0,0,0,dh',0,1,1,1,1,1,0),('브레드웨이','서울 노원구 동일로 1074','02-7325-9005','https://map.naver.com/p/search/%EA%B3%B5%EB%A6%89%EC%97%AD+%EC%B9%B4%ED%8E%98/place/1274224456?c=14.00,0,0,0,dh',0,0,0,0,0,0,0),('형광커피','서울 노원구 공릉로 187 건설빌딩 1층 형광커피','02-976-9609','https://map.naver.com/p/search/%EA%B3%B5%EB%A6%89%EC%97%AD+%EC%B9%B4%ED%8E%98/place/31992204?c=14.00,0,0,0,dh',0,1,1,0,0,0,0),('공릉제빵소','서울 노원구 동일로 1074',NULL,'https://map.naver.com/p/search/%EA%B3%B5%EB%A6%89%EC%97%AD+%EC%B9%B4%ED%8E%98/place/1887579876?c=14.00,0,0,0,dh',0,0,0,0,0,0,0),('바빈스커피 공릉점','서울 노원구 공릉로 181 1층','0507-0289-4423','https://map.naver.com/p/search/%EA%B3%B5%EB%A6%89%EC%97%AD+%EC%B9%B4%ED%8E%98/place/1922325956?c=14.00,0,0,0,dh',0,0,0,0,0,0,0),('언제나케이크 공릉점','서울 노원구 공릉로 191-45 1층 101호','0507-1305-0538','https://map.naver.com/p/search/%EA%B3%B5%EB%A6%89%EC%97%AD+%EC%B9%B4%ED%8E%98/place/1510083062?c=14.00,0,0,0,dh',0,1,1,0,0,0,0),('밀탑 이마트 월계점','서울 노원구 마들로3길 15 이마트 월계점 1층','0507-1344-5975','https://map.naver.com/p/search/%EA%B3%B5%EB%A6%89%EC%97%AD+%EC%B9%B4%ED%8E%98/place/1767106688?c=14.00,0,0,0,dh',0,1,1,0,0,1,0),('커피제이','서울 노원구 동일로173가길 133 진서빌딩 101호','010-8949-8245','https://map.naver.com/p/search/%EA%B3%B5%EB%A6%89%EC%97%AD+%EC%B9%B4%ED%8E%98/place/1738649728?c=14.00,0,0,0,dh',0,1,1,1,0,1,0),('배스킨라빈스 월계이마트점','서울 노원구 마들로3길 15 (월계동, 이마트월계점 2층)','02-976-3132','https://map.naver.com/p/search/%EA%B3%B5%EB%A6%89%EC%97%AD+%EC%B9%B4%ED%8E%98/place/12971407?c=14.00,0,0,0,dh',0,0,1,0,0,0,0),('카페 델루나','서울 노원구 공릉로58길 122 1층','0507-1396-1593','https://map.naver.com/p/search/%EA%B3%B5%EB%A6%89%EC%97%AD+%EC%B9%B4%ED%8E%98/place/1222119646?c=14.00,0,0,0,dh',0,1,1,1,1,1,0),('슈슈블랑','서울 노원구 동일로190길 8','070-8954-7344','https://map.naver.com/p/search/%EA%B3%B5%EB%A6%89%EC%97%AD+%EC%B9%B4%ED%8E%98/place/35316310?c=14.00,0,0,0,dh',0,0,0,0,0,0,0),('아너카페','서울 노원구 동일로192다길 9','0507-1311-5191','https://map.naver.com/p/search/%EA%B3%B5%EB%A6%89%EC%97%AD+%EC%B9%B4%ED%8E%98/place/1506082849?c=14.00,0,0,0,dh',1,1,0,0,0,0,0),('요커 공릉점','서울 노원구 동일로184길 63-16 1층 101호','0502-1932-0816','https://map.naver.com/p/search/%EA%B3%B5%EB%A6%89%EC%97%AD+%EC%B9%B4%ED%8E%98/place/1749729941?c=14.00,0,0,0,dh',1,1,1,0,0,1,1),('카페민','서울 노원구 동일로184길 6','0507-1300-7695','https://map.naver.com/p/search/%EA%B3%B5%EB%A6%89%EC%97%AD+%EC%B9%B4%ED%8E%98/place/1539997339?c=14.00,0,0,0,dh',0,0,0,0,0,1,0),('트위그 페스츄리','서울 노원구 동일로182길 50 1층','070-4012-6321','https://map.naver.com/p/search/%EA%B3%B5%EB%A6%89%EC%97%AD+%EC%B9%B4%ED%8E%98/place/1376322447?c=14.00,0,0,0,dh',0,1,1,0,1,0,1),('커피콩','서울 노원구 동일로191가길 19 1층 커피콩','0507-1405-6164','https://map.naver.com/p/search/%EA%B3%B5%EB%A6%89%EC%97%AD+%EC%B9%B4%ED%8E%98/place/31744094?c=14.00,0,0,0,dh',0,1,1,0,0,0,1),('스낵남커피녀','서울 노원구 동일로192길 18 정일빌딩 지하1층 (공릉동)','02-977-7333','https://map.naver.com/p/search/%EA%B3%B5%EB%A6%89%EC%97%AD+%EC%B9%B4%ED%8E%98/place/1695564481?c=14.00,0,0,0,dh',0,0,0,0,0,0,0),('예노','서울 노원구 공릉로58길 117 (하계동) 지상1,지하1층','02-972-3266','https://map.naver.com/p/search/%EA%B3%B5%EB%A6%89%EC%97%AD+%EC%B9%B4%ED%8E%98/place/1789904171?c=14.00,0,0,0,dh',0,0,0,0,0,0,0),('어빌리티커피','서울 노원구 동일로180길 61-7','0507-1358-0152','https://map.naver.com/p/search/%EA%B3%B5%EB%A6%89%EC%97%AD+%EC%B9%B4%ED%8E%98/place/1475448422?c=14.00,0,0,0,dh',0,1,1,0,0,0,0),('우수7080라이브','서울 노원구 동일로192길 10',NULL,'https://map.naver.com/p/search/%EA%B3%B5%EB%A6%89%EC%97%AD+%EC%B9%B4%ED%8E%98/place/1072476078?c=14.00,0,0,0,dh',0,0,0,0,0,0,0),('팝케이크팝','서울 노원구 동일로196길 14 1층','0507-1340-6225','https://map.naver.com/p/search/%EA%B3%B5%EB%A6%89%EC%97%AD+%EC%B9%B4%ED%8E%98/place/1995966079?c=14.00,0,0,0,dh',0,0,1,0,0,0,1),('빵장수요셉','서울 노원구 동일로192길 45 중외약국','02-972-7732','https://map.naver.com/p/search/%EA%B3%B5%EB%A6%89%EC%97%AD+%EC%B9%B4%ED%8E%98/place/18012217?c=14.00,0,0,0,dh',0,0,0,0,0,0,0),('봉위켄 공릉점','서울 노원구 공릉로20길 25 1층 102호','0507-1383-0326','https://map.naver.com/p/search/%EA%B3%B5%EB%A6%89%EC%97%AD+%EC%B9%B4%ED%8E%98/place/1632537124?c=14.00,0,0,0,dh',0,1,1,0,1,0,1),('포멜로우','서울 노원구 동일로193길 36-1 1층 포멜로우','0507-1380-0431','https://map.naver.com/p/search/%EA%B3%B5%EB%A6%89%EC%97%AD+%EC%B9%B4%ED%8E%98/place/1256466497?c=14.00,0,0,0,dh',0,0,1,0,0,0,1),('요거트아이스크림의정석 공릉점','서울 노원구 공릉로58길 88 1층','0507-1368-9394','https://map.naver.com/p/search/%EA%B3%B5%EB%A6%89%EC%97%AD+%EC%B9%B4%ED%8E%98/place/1981967930?c=14.00,0,0,0,dh',0,0,1,0,0,0,1),('쌍뜨떼베이커리카페','서울 노원구 공릉로39길 21 1층 쌍뜨떼 베이커리 카페','070-4151-3488','https://map.naver.com/p/search/%EA%B3%B5%EB%A6%89%EC%97%AD+%EC%B9%B4%ED%8E%98/place/648621739?c=14.00,0,0,0,dh',0,1,1,1,0,1,0),('로컬컨시어지','서울 노원구 동일로183길 29 1층','02-2088-3522','https://map.naver.com/p/search/%EA%B3%B5%EB%A6%89%EC%97%AD+%EC%B9%B4%ED%8E%98/place/1953700913?c=14.00,0,0,0,dh',0,1,1,1,0,1,0),('설탕한스푼 설렘두스푼','서울 노원구 공릉로58나길 20-5 1층','0507-1444-7004','https://map.naver.com/p/search/%EA%B3%B5%EB%A6%89%EC%97%AD+%EC%B9%B4%ED%8E%98/place/1317800772?c=14.00,0,0,0,dh',0,1,0,0,0,0,1),('송사부수제쌀고로케 이마트 월계점','서울 노원구 마들로3길 15 이마트 월계점 1층 송사부 고로케','010-5342-1171','https://map.naver.com/p/search/%EA%B3%B5%EB%A6%89%EC%97%AD+%EC%B9%B4%ED%8E%98/place/1170259051?c=14.00,0,0,0,dh',0,1,1,0,0,1,0),('공차 월계점','서울 노원구 마들로3길 15','02-973-6885','https://map.naver.com/p/search/%EA%B3%B5%EB%A6%89%EC%97%AD+%EC%B9%B4%ED%8E%98/place/1507693097?c=14.00,0,0,0,dh',0,0,0,0,0,0,0),('위플랜트위커피','서울 노원구 동일로178길 59-39 2층','02-6498-2580','https://map.naver.com/p/search/%EA%B3%B5%EB%A6%89%EC%97%AD+%EC%B9%B4%ED%8E%98/place/1919675345?c=14.00,0,0,0,dh',1,1,1,1,0,1,1),('설빙 서울과기대점','서울 노원구 동일로192길 88 오성빌딩 2층','02-6052-1300','https://map.naver.com/p/search/%EA%B3%B5%EB%A6%89%EC%97%AD+%EC%B9%B4%ED%8E%98/place/1997429546?c=14.00,0,0,0,dh',0,1,1,1,0,1,1),('길가온','서울 노원구 공릉로34길 62 1','02-978-4264','https://map.naver.com/p/search/%EA%B3%B5%EB%A6%89%EC%97%AD+%EC%B9%B4%ED%8E%98/place/1006308785?c=14.00,0,0,0,dh',0,1,1,1,0,0,0),('앤티앤스 이마트 월계점','서울 노원구 마들로3길 15 1층 앤티앤스','070-7798-4947','https://map.naver.com/p/search/%EA%B3%B5%EB%A6%89%EC%97%AD+%EC%B9%B4%ED%8E%98/place/1332665384?c=14.00,0,0,0,dh',0,0,0,0,0,0,0),('피에스타7커피 공리단길점','서울 노원구 공릉로35길 14-25 1층','0507-1317-9037','https://map.naver.com/p/search/%EA%B3%B5%EB%A6%89%EC%97%AD+%EC%B9%B4%ED%8E%98/place/1536239526?c=14.00,0,0,0,dh',0,1,1,1,1,0,0),('쁘띠미뇽 크로플&퀸아망','서울 노원구 동일로184길 49 1층(공릉동)','070-7543-9737','https://map.naver.com/p/search/%EA%B3%B5%EB%A6%89%EC%97%AD+%EC%B9%B4%ED%8E%98/place/1181866660?c=14.00,0,0,0,dh',0,0,0,0,0,0,0),('045c','서울 노원구 공릉로34길 45 효성아파트상가 103호','0507-1376-5080','https://map.naver.com/p/search/%EA%B3%B5%EB%A6%89%EC%97%AD+%EC%B9%B4%ED%8E%98/place/1842666802?c=14.00,0,0,0,dh',0,0,0,0,0,0,0),('컴포즈커피 공릉경춘선숲길점','서울 노원구 동일로192길 74 우은빌딩','02-976-1874','https://map.naver.com/p/search/%EA%B3%B5%EB%A6%89%EC%97%AD+%EC%B9%B4%ED%8E%98/place/1751086529?c=14.00,0,0,0,dh',0,0,0,0,0,0,0),('키트','서울 노원구 동일로182길 20 1층 키트(KIT)','0507-1475-4571','https://map.naver.com/p/search/%EA%B3%B5%EB%A6%89%EC%97%AD+%EC%B9%B4%ED%8E%98/place/1878986460?c=14.00,0,0,0,dh',0,0,1,0,0,0,0),('CAFEYIRE','서울 노원구 공릉로41길 22',NULL,'https://map.naver.com/p/search/%EA%B3%B5%EB%A6%89%EC%97%AD+%EC%B9%B4%ED%8E%98/place/1052445234?c=14.00,0,0,0,dh',0,0,0,0,0,0,0),('휘드카페 공릉점','서울 노원구 동일로198길 78 청교프라자 1층 휘드카페 공릉점','02-949-5020','https://map.naver.com/p/search/%EA%B3%B5%EB%A6%89%EC%97%AD+%EC%B9%B4%ED%8E%98/place/1938128310?c=14.00,0,0,0,dh',0,1,1,1,1,1,1),('컴포즈커피 노원공릉점','서울 노원구 동일로197길 21','02-2088-4780','https://map.naver.com/p/search/%EA%B3%B5%EB%A6%89%EC%97%AD+%EC%B9%B4%ED%8E%98/place/1291977281?c=14.00,0,0,0,dh',0,1,1,0,0,0,1),('빽다방 공릉중앙점','서울 노원구 공릉로 153 . 제1호동 제1호','0507-1374-6631','https://map.naver.com/p/search/%EA%B3%B5%EB%A6%89%EC%97%AD+%EC%B9%B4%ED%8E%98/place/1833332801?c=14.00,0,0,0,dh',0,0,0,0,0,0,0),('이디야커피 월계이마트점','서울 노원구 마들로3길 15','070-4177-9655','https://map.naver.com/p/search/%EA%B3%B5%EB%A6%89%EC%97%AD+%EC%B9%B4%ED%8E%98/place/1125438139?c=14.00,0,0,0,dh',0,0,1,0,0,0,0),('디저트조이','서울 노원구 동일로176길 11-13 1층 디저트조이','0507-1338-2115','https://map.naver.com/p/search/%EA%B3%B5%EB%A6%89%EC%97%AD+%EC%B9%B4%ED%8E%98/place/1905511236?c=14.00,0,0,0,dh',0,0,0,0,0,1,0),('I SUN YOU','서울 노원구 동일로186길 50',NULL,'https://map.naver.com/p/search/%EA%B3%B5%EB%A6%89%EC%97%AD+%EC%B9%B4%ED%8E%98/place/1045931737?c=14.00,0,0,0,dh',0,0,0,0,0,0,0),('더벤티 공릉중앙점','서울 노원구 공릉로 149 1층 103호','070-8691-4878','https://map.naver.com/p/search/%EA%B3%B5%EB%A6%89%EC%97%AD+%EC%B9%B4%ED%8E%98/place/1311925732?c=14.00,0,0,0,dh',0,1,1,0,0,0,0),('버터키튼','서울 노원구 동일로182길 36 1층 104호','070-8667-1890','https://map.naver.com/p/search/%EA%B3%B5%EB%A6%89%EC%97%AD+%EC%B9%B4%ED%8E%98/place/1934444317?c=14.00,0,0,0,dh',0,0,1,0,1,1,0),('G3coffee','서울 노원구 마들로 127','010-3313-0068','https://map.naver.com/p/search/%EA%B3%B5%EB%A6%89%EC%97%AD+%EC%B9%B4%ED%8E%98/place/1722555227?c=14.00,0,0,0,dh',0,1,1,0,0,1,1),('카페루바토','서울 노원구 동일로180길 53 1층 카페루바토','02-948-4686','https://map.naver.com/p/search/%EA%B3%B5%EB%A6%89%EC%97%AD+%EC%B9%B4%ED%8E%98/place/1374324556?c=14.00,0,0,0,dh',0,1,1,0,0,0,0),('앤티앤스프레즐 이마트월계점','서울 노원구 마들로3길 15','070-7798-4947','https://map.naver.com/p/search/%EA%B3%B5%EB%A6%89%EC%97%AD+%EC%B9%B4%ED%8E%98/place/1558909157?c=14.00,0,0,0,dh',0,0,1,0,0,1,0),('청자다방 공릉점','서울 노원구 공릉로 191-4 YS빌 1층','0507-1383-2401','https://map.naver.com/p/search/%EA%B3%B5%EB%A6%89%EC%97%AD+%EC%B9%B4%ED%8E%98/place/1100334330?c=14.00,0,0,0,dh',0,1,1,1,0,0,1),('무료 체험 기간 중 최대 100개의 결과만 다운로드 가능합니다. BASIC 상품을 결제하시면 즉시 모든 데이터를 다운로드 받을 수 있습니다.',NULL,NULL,NULL,0,0,0,0,0,0,0),('http://hashscraper.com/pricing',NULL,NULL,NULL,0,0,0,0,0,0,0),('100개 데이터 까지만 다운로드 가능합니다.',NULL,NULL,NULL,0,0,0,0,0,0,0);

CREATE TABLE cafekeywords (
  cafe_name VARCHAR(255) NOT NULL,
  keyword VARCHAR(255) NOT NULL,
  frequency INT NOT NULL,
  PRIMARY KEY (cafe_name, keyword),
  FOREIGN KEY (cafe_name) REFERENCES cafes (cafe_name)
);

INSERT INTO cafekeywords VALUES ('045c','강한 맛',1),('045c','녹차라떼',1),('045c','단팥죽',1),('045c','라떼',4),('045c','마카롱',1),('045c','모카',1),('045c','분위기',1),('045c','샌드위치',1),('045c','서비스',1),('045c','위치',1),('045c','음악',1),('045c','인테리어',1),('045c','친절',22),('045c','카페',6),('045c','카페모카',1),('045c','커피',16),('045c','팥빙수',1),('045c','팥죽',1),('G3coffee','친절',3),('G3coffee','커피',1),('lleno','라떼',2),('lleno','아메리카노',1),('lleno','음악',1),('lleno','조용한',1),('lleno','친절',3),('lleno','카페',1),('lleno','커피',12),('lleno','테이크아웃',1),('lleno','홍차',2),('갤러리카페 봉프레','라떼',1),('갤러리카페 봉프레','분위기',1),('갤러리카페 봉프레','아메리카노',2),('갤러리카페 봉프레','인테리어',1),('갤러리카페 봉프레','조용한',1),('갤러리카페 봉프레','친절',2),('갤러리카페 봉프레','카페',8),('갤러리카페 봉프레','커피',17),('갤러리카페 봉프레','편안한',1),('공덕골아름드리 북카페모모','친절',1),('공덕골아름드리 북카페모모','카페',1),('공덕골아름드리 북카페모모','커피',2),('공릉제빵소','가격',4),('공릉제빵소','단골',1),('공릉제빵소','떡',1),('공릉제빵소','친절',10),('공릉제빵소','타르트',1),('공차 월계점','그린티',5),('공차 월계점','단맛',1),('공차 월계점','떡',3),('공차 월계점','떡볶이',1),('공차 월계점','라떼',2),('공차 월계점','멤버십',3),('공차 월계점','밀크티',47),('공차 월계점','스무디',23),('공차 월계점','아메리카노',2),('공차 월계점','율무차',1),('공차 월계점','의자',1),('공차 월계점','좌석',3),('공차 월계점','주차',2),('공차 월계점','청결',1),('공차 월계점','친절',20),('공차 월계점','카페',5),('공차 월계점','카페라떼',1),('공차 월계점','커피',4),('공차 월계점','쿠폰',1),('공차 월계점','타르트',1),('공차 월계점','테이블',2),('그대로양과자점','가격',8),('그대로양과자점','고소한',1),('그대로양과자점','단골',1),('그대로양과자점','단맛',1),('그대로양과자점','디자인',2),('그대로양과자점','디저트',7),('그대로양과자점','떡',1),('그대로양과자점','라떼',3),('그대로양과자점','마들렌',1),('그대로양과자점','마카롱',3),('그대로양과자점','서비스',1),('그대로양과자점','쑥떡',1),('그대로양과자점','예약',10),('그대로양과자점','위치',1),('그대로양과자점','인절미',1),('그대로양과자점','주차',1),('그대로양과자점','친절',8),('그대로양과자점','커피',4),('그대로양과자점','케이크',33),('그대로양과자점','테이블',1),('그대로양과자점','테이크아웃',1),('금성다방','가격',4),('금성다방','깊은 맛',1),('금성다방','단골',6),('금성다방','디저트',24),('금성다방','디카페인',6),('금성다방','딸기라떼',2),('금성다방','라떼',35),('금성다방','마들렌',2),('금성다방','모카',2),('금성다방','밀크티',7),('금성다방','부드러운',1),('금성다방','분위기',57),('금성다방','뷰',6),('금성다방','빈티지',1),('금성다방','서비스',22),('금성다방','셀프서비스',1),('금성다방','송편',1),('금성다방','신 커피',1),('금성다방','아메리카노',1),('금성다방','아이스커피',2),('금성다방','약과',3),('금성다방','음악',7),('금성다방','의자',4),('금성다방','인테리어',36),('금성다방','자몽에이드',1),('금성다방','좌석',2),('금성다방','청결',2),('금성다방','초코케이크',1),('금성다방','치즈케이크',1),('금성다방','친절',136),('금성다방','친절한',2),('금성다방','카페',57),('금성다방','카페라떼',1),('금성다방','카페모카',2),('금성다방','카푸치노',2),('금성다방','커피',63),('금성다방','케이크',10),('금성다방','테이크아웃',1),('금성다방','팥빙수',6),('금성다방','편안한',6),('금성다방','홍차',1),('금성다방','화장실',2),('길가온','샌드위치',2),('길가온','위치',2),('길가온','친절',2),('길가온','커피',2),('꽃피앙','가격',4),('꽃피앙','강한 맛',1),('꽃피앙','고소한',1),('꽃피앙','다과',1),('꽃피앙','단골',1),('꽃피앙','단맛',1),('꽃피앙','디자인',1),('꽃피앙','디저트',37),('꽃피앙','떡',26),('꽃피앙','라떼',4),('꽃피앙','마카롱',1),('꽃피앙','밀크티',1),('꽃피앙','분위기',27),('꽃피앙','아늑한',3),('꽃피앙','아메리카노',3),('꽃피앙','약과',1),('꽃피앙','에스프레소',1),('꽃피앙','예약',3),('꽃피앙','인테리어',14),('꽃피앙','주차',1),('꽃피앙','청결',1),('꽃피앙','친절',44),('꽃피앙','친절한',2),('꽃피앙','카페',46),('꽃피앙','카페라떼',1),('꽃피앙','커피',37),('꽃피앙','케이크',1),('꽃피앙','테라스',2),('꽃피앙','테이블',2),('꽃피앙','한과',1),('나무늘보 카툰&북카페','가격',3),('나무늘보 카툰&북카페','단골',1),('나무늘보 카툰&북카페','라떼',2),('나무늘보 카툰&북카페','분위기',1),('나무늘보 카툰&북카페','서비스',1),('나무늘보 카툰&북카페','스무디',1),('나무늘보 카툰&북카페','청결',1),('나무늘보 카툰&북카페','친절',9),('나무늘보 카툰&북카페','카페',7),('나무늘보 카툰&북카페','커피',3),('나무늘보 카툰&북카페','화장실',1),('내방','가격',2),('내방','단골',1),('내방','디카페인',9),('내방','라떼',15),('내방','레몬에이드',3),('내방','밀크티',4),('내방','신맛',1),('내방','아메리카노',1),('내방','예약',1),('내방','친절',5),('내방','친절한',1),('내방','카페',14),('내방','카페라떼',1),('내방','커피',7),('달리는커피 공릉숲길점','샌드위치',3),('달리는커피 공릉숲길점','아메리카노',1),('달리는커피 공릉숲길점','위치',4),('달리는커피 공릉숲길점','친절',1),('달리는커피 공릉숲길점','커피',2),('도로시명품찹쌀꽈배기','가격',11),('도로시명품찹쌀꽈배기','고소한',1),('도로시명품찹쌀꽈배기','단골',1),('도로시명품찹쌀꽈배기','부드러운',2),('도로시명품찹쌀꽈배기','뷰',5),('도로시명품찹쌀꽈배기','서비스',3),('도로시명품찹쌀꽈배기','친절',34),('도로시명품찹쌀꽈배기','친절한',1),('도로시명품찹쌀꽈배기','핫도그',23),('디저트39 공릉점','가격',5),('디저트39 공릉점','디저트',18),('디저트39 공릉점','딸기라떼',2),('디저트39 공릉점','라떼',6),('디저트39 공릉점','롤케이크',1),('디저트39 공릉점','밀크티',2),('디저트39 공릉점','부드러운',2),('디저트39 공릉점','부드러운 맛',1),('디저트39 공릉점','뷰',3),('디저트39 공릉점','슈크림',1),('디저트39 공릉점','아메리카노',4),('디저트39 공릉점','예약',1),('디저트39 공릉점','조각케이크',1),('디저트39 공릉점','친절',8),('디저트39 공릉점','커피',13),('디저트39 공릉점','케이크',6),('디저트39 공릉점','콜드브루',1),('디저트39 공릉점','테이블',1),('디저트39 공릉점','테이크아웃',1),('디저트39 공릉점','티라미수',1),('디저트조이','디자인',4),('디저트조이','디저트',3),('디저트조이','떡',7),('디저트조이','떡케이크',3),('디저트조이','서비스',1),('디저트조이','예약',2),('디저트조이','친절',8),('디저트조이','케이크',10),('딜리스','가격',2),('딜리스','단골',2),('딜리스','디저트',10),('딜리스','라떼',6),('딜리스','분위기',7),('딜리스','브라우니',2),('딜리스','스콘',2),('딜리스','아늑한',4),('딜리스','아이스크림',3),('딜리스','위치',1),('딜리스','인테리어',12),('딜리스','좌석',1),('딜리스','치즈케이크',3),('딜리스','친절',15),('딜리스','친절한',1),('딜리스','카페',13),('딜리스','커피',16),('딜리스','케이크',6),('딜리스','타르트',3),('딜리스','테이블',1),('딜리스','파운드케이크',1),('레인템포','가격',9),('레인템포','강한 맛',1),('레인템포','단골',1),('레인템포','디저트',1),('레인템포','떡',12),('레인템포','떡볶이',8),('레인템포','레드와인',1),('레인템포','마카롱',1),('레인템포','배달',13),('레인템포','부드러운',1),('레인템포','분위기',66),('레인템포','뷰',3),('레인템포','브런치',65),('레인템포','샌드위치',12),('레인템포','서비스',5),('레인템포','아메리카노',2),('레인템포','예약',7),('레인템포','위치',13),('레인템포','음악',2),('레인템포','의자',2),('레인템포','인테리어',12),('레인템포','조용한',1),('레인템포','좌석',1),('레인템포','주차',2),('레인템포','청결',1),('레인템포','친절',56),('레인템포','친절한',1),('레인템포','카페',10),('레인템포','커피',13),('레인템포','케이크',1),('레인템포','테이블',2),('레인템포','플레이팅',2),('레인템포','화이트와인',1),('레인템포','화장실',2),('로우베어','가격',2),('로우베어','고소한',1),('로우베어','구수한',1),('로우베어','단골',4),('로우베어','드립커피',9),('로우베어','디저트',26),('로우베어','디카페인',7),('로우베어','딸기라떼',4),('로우베어','떡',1),('로우베어','라떼',23),('로우베어','밀크티',1),('로우베어','부드러운',1),('로우베어','분위기',21),('로우베어','뷰',8),('로우베어','브라우니',1),('로우베어','브루잉',11),('로우베어','서비스',3),('로우베어','스콘',2),('로우베어','신 커피',4),('로우베어','신맛',3),('로우베어','아늑한',3),('로우베어','아메리카노',9),('로우베어','아이스크림',1),('로우베어','예약',1),('로우베어','와이파이',2),('로우베어','위치',2),('로우베어','음악',3),('로우베어','의자',1),('로우베어','인테리어',8),('로우베어','조용한',1),('로우베어','주차',1),('로우베어','치즈케이크',14),('로우베어','친절',53),('로우베어','친절한',1),('로우베어','카페',45),('로우베어','카페라떼',1),('로우베어','커피',120),('로우베어','커피 원두',1),('로우베어','케이크',37),('로우베어','테이블',2),('로우베어','편안한',2),('로우베어','푸딩',2),('로우베어','핸드드립',14),('로우베어','화장실',3),('로컬컨시어지','가격',2),('로컬컨시어지','단골',1),('로컬컨시어지','디저트',3),('로컬컨시어지','라떼',4),('로컬컨시어지','밀크티',3),('로컬컨시어지','분위기',10),('로컬컨시어지','아메리카노',1),('로컬컨시어지','인테리어',2),('로컬컨시어지','좌석',2),('로컬컨시어지','치즈케이크',1),('로컬컨시어지','친절',9),('로컬컨시어지','카페',7),('로컬컨시어지','커피',16),('로컬컨시어지','케이크',3),('로컬컨시어지','콜드브루',2),('로컬컨시어지','쿠폰',2),('로컬컨시어지','편안한',1),('롬브 노원','가격',3),('롬브 노원','고소한',1),('롬브 노원','디저트',1),('롬브 노원','라떼',3),('롬브 노원','배달',1),('롬브 노원','분위기',2),('롬브 노원','뷰',2),('롬브 노원','아메리카노',3),('롬브 노원','인절미',1),('롬브 노원','인테리어',3),('롬브 노원','좌석',1),('롬브 노원','주차',4),('롬브 노원','친절',16),('롬브 노원','카페',1),('롬브 노원','커피',17),('롬브 노원','케이크',1),('롬브 노원','테이크아웃',2),('롬브 노원','화장실',1),('림공방카페','친절',2),('림공방카페','카페',1),('림공방카페','커피',3),('미라쥬양과점 공릉철길점','가격',9),('미라쥬양과점 공릉철길점','단골',1),('미라쥬양과점 공릉철길점','디자인',1),('미라쥬양과점 공릉철길점','디저트',47),('미라쥬양과점 공릉철길점','딸기라떼',1),('미라쥬양과점 공릉철길점','떡',1),('미라쥬양과점 공릉철길점','라떼',1),('미라쥬양과점 공릉철길점','마들렌',148),('미라쥬양과점 공릉철길점','마카롱',61),('미라쥬양과점 공릉철길점','모카',1),('미라쥬양과점 공릉철길점','밀크티',2),('미라쥬양과점 공릉철길점','배달',9),('미라쥬양과점 공릉철길점','부드러운',1),('미라쥬양과점 공릉철길점','뷰',3),('미라쥬양과점 공릉철길점','서비스',3),('미라쥬양과점 공릉철길점','아메리카노',3),('미라쥬양과점 공릉철길점','예약',1),('미라쥬양과점 공릉철길점','주차',1),('미라쥬양과점 공릉철길점','친절',21),('미라쥬양과점 공릉철길점','카페',6),('미라쥬양과점 공릉철길점','커피',7),('미라쥬양과점 공릉철길점','테이크아웃',6),('미라쥬양과점 본점','가격',3),('미라쥬양과점 본점','디저트',5),('미라쥬양과점 본점','라떼',1),('미라쥬양과점 본점','마들렌',44),('미라쥬양과점 본점','마카롱',17),('미라쥬양과점 본점','배달',2),('미라쥬양과점 본점','분위기',1),('미라쥬양과점 본점','뷰',1),('미라쥬양과점 본점','인테리어',1),('미라쥬양과점 본점','주차',2),('미라쥬양과점 본점','친절',6),('미라쥬양과점 본점','카페',2),('미라쥬양과점 본점','커피',4),('미라쥬양과점 본점','테이블',1),('미라쥬양과점 본점','테이크아웃',2),('밀탑 이마트 월계점','가격',1),('밀탑 이마트 월계점','단팥죽',1),('밀탑 이마트 월계점','디저트',1),('밀탑 이마트 월계점','떡',12),('밀탑 이마트 월계점','라떼',3),('밀탑 이마트 월계점','쓴맛',1),('밀탑 이마트 월계점','아메리카노',2),('밀탑 이마트 월계점','아이스크림',1),('밀탑 이마트 월계점','의자',1),('밀탑 이마트 월계점','인절미',2),('밀탑 이마트 월계점','주차',1),('밀탑 이마트 월계점','친절',12),('밀탑 이마트 월계점','카페',3),('밀탑 이마트 월계점','카페라떼',2),('밀탑 이마트 월계점','커피',15),('밀탑 이마트 월계점','팥빙수',11),('밀탑 이마트 월계점','팥죽',1),('밀탑 이마트 월계점','편안한',1),('밀탑 이마트 월계점','호떡',1),('밀탑 이마트 월계점','화장실',1),('바빈스커피 공릉점','가격',6),('바빈스커피 공릉점','라떼',7),('바빈스커피 공릉점','마카롱',1),('바빈스커피 공릉점','배달',1),('바빈스커피 공릉점','분위기',1),('바빈스커피 공릉점','붕어빵',1),('바빈스커피 공릉점','샌드위치',11),('바빈스커피 공릉점','아메리카노',4),('바빈스커피 공릉점','아이스크림',1),('바빈스커피 공릉점','위치',11),('바빈스커피 공릉점','음악',1),('바빈스커피 공릉점','인테리어',1),('바빈스커피 공릉점','좌석',1),('바빈스커피 공릉점','청결',1),('바빈스커피 공릉점','친절',31),('바빈스커피 공릉점','카페',1),('바빈스커피 공릉점','커피',32),('바빈스커피 공릉점','쿠폰',1),('바빈스커피 공릉점','팥빙수',1),('바이레인베이크샵','가격',5),('바이레인베이크샵','고소한',1),('바이레인베이크샵','단골',4),('바이레인베이크샵','디자인',1),('바이레인베이크샵','디저트',16),('바이레인베이크샵','디카페인',2),('바이레인베이크샵','라떼',2),('바이레인베이크샵','모카',1),('바이레인베이크샵','밀크티',1),('바이레인베이크샵','베이글',9),('바이레인베이크샵','부드러운',5),('바이레인베이크샵','분위기',2),('바이레인베이크샵','뷰',2),('바이레인베이크샵','샌드위치',1),('바이레인베이크샵','서비스',1),('바이레인베이크샵','아메리카노',1),('바이레인베이크샵','예약',1),('바이레인베이크샵','위치',2),('바이레인베이크샵','인테리어',6),('바이레인베이크샵','조명',1),('바이레인베이크샵','좌석',1),('바이레인베이크샵','주차',1),('바이레인베이크샵','친절',17),('바이레인베이크샵','카페',11),('바이레인베이크샵','카푸치노',1),('바이레인베이크샵','커피',13),('바이레인베이크샵','케이크',14),('바이레인베이크샵','크로와상',1),('바이레인베이크샵','테라스',2),('바이레인베이크샵','티라미수',5),('바이레인베이크샵','플레이팅',2),('배스킨라빈스 월계이마트점','가격',2),('배스킨라빈스 월계이마트점','단골',1),('배스킨라빈스 월계이마트점','디저트',7),('배스킨라빈스 월계이마트점','떡',1),('배스킨라빈스 월계이마트점','멤버십',1),('배스킨라빈스 월계이마트점','모카',2),('배스킨라빈스 월계이마트점','배달',1),('배스킨라빈스 월계이마트점','뷰',3),('배스킨라빈스 월계이마트점','서비스',2),('배스킨라빈스 월계이마트점','소르베',1),('배스킨라빈스 월계이마트점','슈크림',1),('배스킨라빈스 월계이마트점','스무디',1),('배스킨라빈스 월계이마트점','시즌 메뉴',1),('배스킨라빈스 월계이마트점','아이스크림',74),('배스킨라빈스 월계이마트점','예약',1),('배스킨라빈스 월계이마트점','위치',2),('배스킨라빈스 월계이마트점','좌석',4),('배스킨라빈스 월계이마트점','주차',5),('배스킨라빈스 월계이마트점','청결',1),('배스킨라빈스 월계이마트점','치즈케이크',3),('배스킨라빈스 월계이마트점','친절',114),('배스킨라빈스 월계이마트점','친절한',2),('배스킨라빈스 월계이마트점','케이크',13),('배스킨라빈스 월계이마트점','쿠폰',4),('배스킨라빈스 월계이마트점','테이블',3),('배스킨라빈스 월계이마트점','호떡',1),('버터키튼','가격',1),('버터키튼','고소한',1),('버터키튼','꿀떡',2),('버터키튼','단골',1),('버터키튼','단맛',1),('버터키튼','디자인',3),('버터키튼','디저트',13),('버터키튼','디카페인',2),('버터키튼','떡',3),('버터키튼','분위기',8),('버터키튼','예약',1),('버터키튼','음악',1),('버터키튼','인절미',2),('버터키튼','인테리어',6),('버터키튼','친절',15),('버터키튼','친절한',2),('버터키튼','카페',5),('버터키튼','커피',7),('버터키튼','편안한',1),('베이킹덕','가격',12),('베이킹덕','고소한',3),('베이킹덕','그린티',1),('베이킹덕','단골',4),('베이킹덕','단맛',2),('베이킹덕','디자인',3),('베이킹덕','디저트',13),('베이킹덕','라떼',5),('베이킹덕','밀크티',8),('베이킹덕','분위기',10),('베이킹덕','뷰',3),('베이킹덕','브라우니',5),('베이킹덕','서비스',1),('베이킹덕','신 커피',1),('베이킹덕','아늑한',1),('베이킹덕','아메리카노',3),('베이킹덕','예약',15),('베이킹덕','위치',1),('베이킹덕','음악',1),('베이킹덕','인테리어',3),('베이킹덕','조각케이크',3),('베이킹덕','주차',1),('베이킹덕','청결',3),('베이킹덕','초코케이크',1),('베이킹덕','친절',42),('베이킹덕','친절한',2),('베이킹덕','카페',2),('베이킹덕','카페라떼',1),('베이킹덕','커피',40),('베이킹덕','커피 원두',1),('베이킹덕','케이크',217),('베이킹덕','테이블',1),('베이킹덕','테이크아웃',1),('베이킹덕','홍차',2),('봉명동내커피 노원공릉점','가격',3),('봉명동내커피 노원공릉점','디자인',1),('봉명동내커피 노원공릉점','디저트',2),('봉명동내커피 노원공릉점','와플',4),('봉명동내커피 노원공릉점','친절',5),('봉명동내커피 노원공릉점','커피',3),('봉명동내커피 노원공릉점','테이블',2),('봉명동내커피 노원공릉점','테이크아웃',2),('봉위켄 공릉점','가격',9),('봉위켄 공릉점','계란빵',1),('봉위켄 공릉점','고소한',2),('봉위켄 공릉점','단골',5),('봉위켄 공릉점','디저트',92),('봉위켄 공릉점','디카페인',2),('봉위켄 공릉점','떡',1),('봉위켄 공릉점','라떼',3),('봉위켄 공릉점','마들렌',61),('봉위켄 공릉점','밀크티',3),('봉위켄 공릉점','배달',2),('봉위켄 공릉점','부드러운',1),('봉위켄 공릉점','분위기',8),('봉위켄 공릉점','뷰',10),('봉위켄 공릉점','서비스',11),('봉위켄 공릉점','스콘',24),('봉위켄 공릉점','아메리카노',5),('봉위켄 공릉점','예약',5),('봉위켄 공릉점','음악',1),('봉위켄 공릉점','의자',1),('봉위켄 공릉점','인테리어',2),('봉위켄 공릉점','좌석',1),('봉위켄 공릉점','친절',92),('봉위켄 공릉점','카페',36),('봉위켄 공릉점','카페라떼',1),('봉위켄 공릉점','커피',31),('봉위켄 공릉점','케이크',43),('봉위켄 공릉점','콜드브루',1),('봉위켄 공릉점','쿠폰',2),('봉위켄 공릉점','테이블',1),('봉위켄 공릉점','티라미수',1),('브레드웨이','가격',2),('브레드웨이','롤케이크',1),('브레드웨이','친절',11),('브레드웨이','케이크',1),('블루마일스커피로스터즈','가격',12),('블루마일스커피로스터즈','고소한',7),('블루마일스커피로스터즈','깊은 맛',1),('블루마일스커피로스터즈','녹차라떼',1),('블루마일스커피로스터즈','단 커피',5),('블루마일스커피로스터즈','단골',9),('블루마일스커피로스터즈','단맛',1),('블루마일스커피로스터즈','더치커피',1),('블루마일스커피로스터즈','디자인',5),('블루마일스커피로스터즈','디저트',94),('블루마일스커피로스터즈','디카페인',23),('블루마일스커피로스터즈','떡',2),('블루마일스커피로스터즈','라떼',62),('블루마일스커피로스터즈','로스터리',2),('블루마일스커피로스터즈','모던',1),('블루마일스커피로스터즈','밀크티',2),('블루마일스커피로스터즈','배달',5),('블루마일스커피로스터즈','부드러운',4),('블루마일스커피로스터즈','분위기',82),('블루마일스커피로스터즈','뷰',73),('블루마일스커피로스터즈','브루잉',2),('블루마일스커피로스터즈','샴페인',1),('블루마일스커피로스터즈','서비스',1),('블루마일스커피로스터즈','스콘',38),('블루마일스커피로스터즈','신 커피',1),('블루마일스커피로스터즈','아메리카노',11),('블루마일스커피로스터즈','아이스크림',19),('블루마일스커피로스터즈','약과',2),('블루마일스커피로스터즈','에스프레소',4),('블루마일스커피로스터즈','위치',1),('블루마일스커피로스터즈','음악',28),('블루마일스커피로스터즈','인테리어',12),('블루마일스커피로스터즈','조명',1),('블루마일스커피로스터즈','조용한',4),('블루마일스커피로스터즈','좌석',11),('블루마일스커피로스터즈','주차',1),('블루마일스커피로스터즈','청결',5),('블루마일스커피로스터즈','초콜릿 맛',1),('블루마일스커피로스터즈','치즈케이크',7),('블루마일스커피로스터즈','친절',39),('블루마일스커피로스터즈','친절한',3),('블루마일스커피로스터즈','카페',162),('블루마일스커피로스터즈','카페라떼',1),('블루마일스커피로스터즈','카푸치노',2),('블루마일스커피로스터즈','커피',442),('블루마일스커피로스터즈','커피 원두',1),('블루마일스커피로스터즈','케이크',13),('블루마일스커피로스터즈','콜드브루',3),('블루마일스커피로스터즈','쿠폰',6),('블루마일스커피로스터즈','타르트',23),('블루마일스커피로스터즈','테이블',6),('블루마일스커피로스터즈','테이크아웃',6),('블루마일스커피로스터즈','편안한',2),('블루마일스커피로스터즈','푸딩',14),('블루마일스커피로스터즈','플랫화이트',4),('블루마일스커피로스터즈','핸드드립',1),('블루마일스커피로스터즈','홍차',1),('블루마일스커피로스터즈','화장실',14),('비스킷플로어','고소한',1),('비스킷플로어','단 커피',1),('비스킷플로어','단골',1),('비스킷플로어','단맛',1),('비스킷플로어','드립커피',2),('비스킷플로어','디자인',1),('비스킷플로어','디저트',1),('비스킷플로어','디카페인',3),('비스킷플로어','라떼',16),('비스킷플로어','로스터리',1),('비스킷플로어','베이글',1),('비스킷플로어','부드러운',1),('비스킷플로어','분위기',13),('비스킷플로어','빈티지',3),('비스킷플로어','서비스',1),('비스킷플로어','쓴맛',2),('비스킷플로어','아늑한',2),('비스킷플로어','아메리카노',3),('비스킷플로어','에스프레소',3),('비스킷플로어','위치',1),('비스킷플로어','음악',6),('비스킷플로어','인테리어',3),('비스킷플로어','좌석',3),('비스킷플로어','친절',5),('비스킷플로어','카페',17),('비스킷플로어','커피',94),('비스킷플로어','커피 원두',1),('비스킷플로어','쿠폰',2),('비스킷플로어','테이블',1),('비스킷플로어','테이크아웃',1),('비스킷플로어','플랫화이트',5),('비스킷플로어','핸드드립',1),('빔블커피','가격',3),('빔블커피','강한 맛',1),('빔블커피','녹차라떼',1),('빔블커피','디저트',19),('빔블커피','디카페인',6),('빔블커피','라떼',10),('빔블커피','마들렌',1),('빔블커피','분위기',18),('빔블커피','뷰',3),('빔블커피','스무디',5),('빔블커피','스콘',3),('빔블커피','신맛',1),('빔블커피','아메리카노',1),('빔블커피','아이스크림',4),('빔블커피','아이스티',1),('빔블커피','예약',1),('빔블커피','와이파이',1),('빔블커피','와플',11),('빔블커피','음악',1),('빔블커피','의자',3),('빔블커피','인테리어',4),('빔블커피','좌석',8),('빔블커피','초코라떼',1),('빔블커피','치즈케이크',3),('빔블커피','친절',15),('빔블커피','친절한',1),('빔블커피','카페',29),('빔블커피','카페라떼',1),('빔블커피','커피',54),('빔블커피','케이크',5),('빔블커피','타르트',3),('빔블커피','테라스',3),('빔블커피','테이블',10),('빔블커피','편안한',1),('빔블커피','푸딩',4),('빔블커피','플레인 요거트',1),('빔블커피','화장실',8),('빵장수요셉','가격',3),('빵장수요셉','디자인',1),('빵장수요셉','떡',3),('빵장수요셉','서비스',1),('빵장수요셉','슈크림',4),('빵장수요셉','예약',1),('빵장수요셉','찹쌀떡',3),('빵장수요셉','친절',13),('빵장수요셉','케이크',4),('빵장수요셉','핫도그',1),('빽다방 공릉중앙점','가격',1),('빽다방 공릉중앙점','디카페인',1),('빽다방 공릉중앙점','라떼',9),('빽다방 공릉중앙점','분위기',1),('빽다방 공릉중앙점','슈크림',2),('빽다방 공릉중앙점','식혜',1),('빽다방 공릉중앙점','아이스크림',4),('빽다방 공릉중앙점','아이스티',2),('빽다방 공릉중앙점','와플',1),('빽다방 공릉중앙점','좌석',1),('빽다방 공릉중앙점','친절',8),('빽다방 공릉중앙점','카페',3),('빽다방 공릉중앙점','카페라떼',1),('빽다방 공릉중앙점','커피',7),('빽다방 공릉중앙점','테이크아웃',2),('빽다방 공릉중앙점','편안한',1),('쁘띠미뇽 크로플&퀸아망','배달',1),('쁘띠미뇽 크로플&퀸아망','뷰',1),('쁘띠미뇽 크로플&퀸아망','아메리카노',1),('쁘띠미뇽 크로플&퀸아망','커피',1),('설빙 서울과기대점','가격',4),('설빙 서울과기대점','그린티',4),('설빙 서울과기대점','디저트',7),('설빙 서울과기대점','떡',2),('설빙 서울과기대점','떡볶이',2),('설빙 서울과기대점','배달',10),('설빙 서울과기대점','붕어빵',3),('설빙 서울과기대점','브라우니',1),('설빙 서울과기대점','서비스',1),('설빙 서울과기대점','아이스크림',3),('설빙 서울과기대점','와이파이',1),('설빙 서울과기대점','인절미',28),('설빙 서울과기대점','조용한',1),('설빙 서울과기대점','좌석',1),('설빙 서울과기대점','주차',1),('설빙 서울과기대점','청결',1),('설빙 서울과기대점','친절',19),('설빙 서울과기대점','커피',8),('설빙 서울과기대점','쿠폰',1),('설빙 서울과기대점','테이블',2),('설빙 서울과기대점','티라미수',2),('설빙 서울과기대점','팥빙수',6),('설빙 서울과기대점','화장실',3),('설탕한스푼 설렘두스푼','디저트',3),('설탕한스푼 설렘두스푼','빈티지',1),('설탕한스푼 설렘두스푼','아메리카노',1),('설탕한스푼 설렘두스푼','테이크아웃',1),('송사부수제쌀고로케 이마트 월계점','가격',21),('송사부수제쌀고로케 이마트 월계점','경단',1),('송사부수제쌀고로케 이마트 월계점','고소한',1),('송사부수제쌀고로케 이마트 월계점','디저트',1),('송사부수제쌀고로케 이마트 월계점','떡',1),('송사부수제쌀고로케 이마트 월계점','샌드위치',2),('송사부수제쌀고로케 이마트 월계점','아이스커피',2),('송사부수제쌀고로케 이마트 월계점','위치',2),('송사부수제쌀고로케 이마트 월계점','찹쌀도넛',10),('송사부수제쌀고로케 이마트 월계점','청결',1),('송사부수제쌀고로케 이마트 월계점','친절',30),('송사부수제쌀고로케 이마트 월계점','커피',1),('송사부수제쌀고로케 이마트 월계점','핫도그',1),('송사부수제쌀고로케 이마트 월계점','호떡',1),('스타벅스 공릉역점','가격',5),('스타벅스 공릉역점','다식',1),('스타벅스 공릉역점','단골',1),('스타벅스 공릉역점','단맛',1),('스타벅스 공릉역점','드라이브스루',3),('스타벅스 공릉역점','디저트',12),('스타벅스 공릉역점','디카페인',6),('스타벅스 공릉역점','딸기라떼',5),('스타벅스 공릉역점','라떼',30),('스타벅스 공릉역점','레몬에이드',1),('스타벅스 공릉역점','마들렌',2),('스타벅스 공릉역점','모카',1),('스타벅스 공릉역점','밀크티',5),('스타벅스 공릉역점','배달',11),('스타벅스 공릉역점','베이글',4),('스타벅스 공릉역점','부드러운',1),('스타벅스 공릉역점','분위기',8),('스타벅스 공릉역점','뷰',4),('스타벅스 공릉역점','브라우니',1),('스타벅스 공릉역점','샌드위치',14),('스타벅스 공릉역점','서비스',1),('스타벅스 공릉역점','슈크림',4),('스타벅스 공릉역점','아늑한',1),('스타벅스 공릉역점','아메리카노',16),('스타벅스 공릉역점','아이스크림',2),('스타벅스 공릉역점','아이스티',1),('스타벅스 공릉역점','에스프레소',1),('스타벅스 공릉역점','위치',14),('스타벅스 공릉역점','음악',1),('스타벅스 공릉역점','인테리어',1),('스타벅스 공릉역점','조용한',1),('스타벅스 공릉역점','좌석',6),('스타벅스 공릉역점','주차',6),('스타벅스 공릉역점','청결',2),('스타벅스 공릉역점','치즈케이크',5),('스타벅스 공릉역점','친절',89),('스타벅스 공릉역점','친절한',2),('스타벅스 공릉역점','카페',16),('스타벅스 공릉역점','카페라떼',1),('스타벅스 공릉역점','카페모카',1),('스타벅스 공릉역점','커피',111),('스타벅스 공릉역점','케이크',15),('스타벅스 공릉역점','콜드브루',5),('스타벅스 공릉역점','쿠폰',12),('스타벅스 공릉역점','테이블',4),('스타벅스 공릉역점','테이크아웃',1),('스타벅스 공릉역점','티라미수',2),('스타벅스 공릉역점','편안한',1),('스타벅스 공릉역점','푸딩',3),('스타벅스 공릉역점','프라푸치노',1),('스타벅스 공릉역점','핫도그',1),('스타벅스 공릉역점','화장실',5),('스타벅스 월계이마트점','가격',2),('스타벅스 월계이마트점','그린티',1),('스타벅스 월계이마트점','단맛',1),('스타벅스 월계이마트점','디저트',5),('스타벅스 월계이마트점','디카페인',5),('스타벅스 월계이마트점','떡',3),('스타벅스 월계이마트점','라떼',18),('스타벅스 월계이마트점','마카롱',1),('스타벅스 월계이마트점','모카',1),('스타벅스 월계이마트점','밀크티',2),('스타벅스 월계이마트점','배달',1),('스타벅스 월계이마트점','분위기',2),('스타벅스 월계이마트점','뷰',1),('스타벅스 월계이마트점','샌드위치',3),('스타벅스 월계이마트점','서비스',2),('스타벅스 월계이마트점','슈크림',3),('스타벅스 월계이마트점','스콘',2),('스타벅스 월계이마트점','아메리카노',12),('스타벅스 월계이마트점','에스프레소',2),('스타벅스 월계이마트점','위치',5),('스타벅스 월계이마트점','음악',2),('스타벅스 월계이마트점','인테리어',1),('스타벅스 월계이마트점','좌석',7),('스타벅스 월계이마트점','주차',8),('스타벅스 월계이마트점','치즈케이크',1),('스타벅스 월계이마트점','친절',168),('스타벅스 월계이마트점','친절한',4),('스타벅스 월계이마트점','카페',12),('스타벅스 월계이마트점','카페라떼',2),('스타벅스 월계이마트점','카페모카',1),('스타벅스 월계이마트점','카푸치노',1),('스타벅스 월계이마트점','커피',99),('스타벅스 월계이마트점','케이크',10),('스타벅스 월계이마트점','콜드브루',4),('스타벅스 월계이마트점','쿠폰',11),('스타벅스 월계이마트점','테이블',4),('스타벅스 월계이마트점','테이크아웃',14),('스타벅스 월계이마트점','플랫화이트',1),('스타벅스 월계이마트점','홍차',1),('시프스','가격',2),('시프스','단 커피',1),('시프스','단맛',2),('시프스','더치커피',1),('시프스','디저트',10),('시프스','디카페인',10),('시프스','떡',1),('시프스','라떼',38),('시프스','레몬에이드',1),('시프스','부드러운',3),('시프스','분위기',52),('시프스','뷰',5),('시프스','브라우니',20),('시프스','서비스',10),('시프스','아늑한',2),('시프스','아메리카노',20),('시프스','아이스크림',1),('시프스','에스프레소',2),('시프스','음악',2),('시프스','의자',1),('시프스','인테리어',18),('시프스','조명',1),('시프스','좌석',1),('시프스','청귤에이드',5),('시프스','친절',90),('시프스','친절한',2),('시프스','카페',57),('시프스','카페라떼',5),('시프스','커피',129),('시프스','커피 원두',1),('시프스','콜드브루',8),('시프스','테라스',1),('시프스','테이블',3),('시프스','테이크아웃',1),('시프스','편안한',1),('시프스','화장실',2),('아너카페','가격',1),('아너카페','단골',1),('아너카페','디저트',5),('아너카페','디카페인',1),('아너카페','라떼',9),('아너카페','레몬에이드',1),('아너카페','분위기',33),('아너카페','뷰',3),('아너카페','브라우니',2),('아너카페','서비스',2),('아너카페','스무디',1),('아너카페','아늑한',3),('아너카페','아메리카노',1),('아너카페','아이스크림',2),('아너카페','음악',1),('아너카페','인테리어',10),('아너카페','자몽에이드',1),('아너카페','조용한',2),('아너카페','좌석',3),('아너카페','청결',1),('아너카페','친절',22),('아너카페','친절한',1),('아너카페','카페',41),('아너카페','카푸치노',1),('아너카페','커피',32),('아너카페','케이크',1),('아너카페','테이블',3),('아너카페','테이크아웃',1),('아너카페','팬케이크',1),('아너카페','편안한',6),('아너카페','핸드드립',2),('아너카페','화장실',2),('앤티앤스 이마트 월계점','가격',1),('앤티앤스 이마트 월계점','레몬에이드',1),('앤티앤스 이마트 월계점','분위기',1),('앤티앤스 이마트 월계점','친절',2),('앤티앤스 이마트 월계점','커피',1),('앤티앤스프레즐 이마트월계점','고소한',1),('앤티앤스프레즐 이마트월계점','레몬에이드',1),('앤티앤스프레즐 이마트월계점','친절',16),('앤티앤스프레즐 이마트월계점','커피',1),('앤티앤스프레즐 이마트월계점','핫도그',2),('어빌리티커피','가격',1),('어빌리티커피','고소한',2),('어빌리티커피','단맛',1),('어빌리티커피','디자인',1),('어빌리티커피','디저트',9),('어빌리티커피','디카페인',8),('어빌리티커피','딸기라떼',1),('어빌리티커피','라떼',9),('어빌리티커피','레몬에이드',1),('어빌리티커피','밀크티',2),('어빌리티커피','분위기',16),('어빌리티커피','뷰',2),('어빌리티커피','아늑한',1),('어빌리티커피','아메리카노',5),('어빌리티커피','음악',3),('어빌리티커피','의자',2),('어빌리티커피','인테리어',4),('어빌리티커피','좌석',1),('어빌리티커피','치즈케이크',4),('어빌리티커피','친절',16),('어빌리티커피','카페',19),('어빌리티커피','커피',55),('어빌리티커피','커피 원두',1),('어빌리티커피','케이크',5),('어빌리티커피','테이블',4),('어빌리티커피','테이크아웃',2),('어빌리티커피','티라미수',6),('어빌리티커피','플랫화이트',3),('어빌리티커피','허브 향',1),('언제나케이크 공릉점','친절',1),('언제나케이크 공릉점','케이크',7),('에이프릴사워','가격',7),('에이프릴사워','강한 맛',1),('에이프릴사워','고소한',10),('에이프릴사워','그린티',30),('에이프릴사워','녹차라떼',2),('에이프릴사워','단 커피',1),('에이프릴사워','단골',7),('에이프릴사워','단맛',3),('에이프릴사워','드립커피',1),('에이프릴사워','디자인',2),('에이프릴사워','디저트',220),('에이프릴사워','디카페인',1),('에이프릴사워','딸기라떼',31),('에이프릴사워','떡',1),('에이프릴사워','라떼',109),('에이프릴사워','레몬에이드',1),('에이프릴사워','로스터리',1),('에이프릴사워','마들렌',6),('에이프릴사워','모던',4),('에이프릴사워','밀크티',6),('에이프릴사워','부드러운',7),('에이프릴사워','분위기',317),('에이프릴사워','뷰',10),('에이프릴사워','브런치',1),('에이프릴사워','서비스',1),('에이프릴사워','스콘',1),('에이프릴사워','신 커피',2),('에이프릴사워','신맛',1),('에이프릴사워','쓴맛',1),('에이프릴사워','아늑한',25),('에이프릴사워','아메리카노',21),('에이프릴사워','아이스크림',15),('에이프릴사워','아이스티',2),('에이프릴사워','예약',2),('에이프릴사워','위치',5),('에이프릴사워','음악',16),('에이프릴사워','의자',8),('에이프릴사워','인테리어',97),('에이프릴사워','자몽에이드',3),('에이프릴사워','조명',7),('에이프릴사워','조용한',10),('에이프릴사워','좌석',2),('에이프릴사워','주차',3),('에이프릴사워','청결',12),('에이프릴사워','초코라떼',6),('에이프릴사워','치즈케이크',52),('에이프릴사워','친절',106),('에이프릴사워','친절한',3),('에이프릴사워','카페',286),('에이프릴사워','커피',258),('에이프릴사워','커피 원두',13),('에이프릴사워','케이크',175),('에이프릴사워','콜드브루',1),('에이프릴사워','쿠폰',5),('에이프릴사워','테라스',1),('에이프릴사워','테이블',6),('에이프릴사워','편안한',4),('에이프릴사워','포토존',7),('에이프릴사워','풍부한 향',1),('에이프릴사워','플랫화이트',3),('에이프릴사워','플레이팅',1),('에이프릴사워','핫초코',2),('에이프릴사워','핸드드립',1),('에이프릴사워','홍차',1),('에이프릴사워','화장실',21),('예노','분위기',1),('예노','스콘',1),('예노','인테리어',1),('예노','친절',2),('예노','카페',2),('예노','커피',4),('예노','테이블',1),('오누이','가격',10),('오누이','강한 맛',2),('오누이','디저트',8),('오누이','떡',1),('오누이','레몬에이드',1),('오누이','부드러운',1),('오누이','분위기',14),('오누이','뷰',3),('오누이','브런치',1),('오누이','샌드위치',5),('오누이','스무디',2),('오누이','식혜',1),('오누이','신맛',1),('오누이','아이스크림',4),('오누이','요거트스무디',1),('오누이','위치',5),('오누이','음악',1),('오누이','인테리어',9),('오누이','정원',1),('오누이','좌석',1),('오누이','친절',9),('오누이','카페',13),('오누이','커피',4),('오누이','크리미한',1),('오누이','테이블',2),('오오키 베이크','가격',2),('오오키 베이크','고소한',1),('오오키 베이크','구수한',1),('오오키 베이크','단골',2),('오오키 베이크','디저트',1),('오오키 베이크','베이글',34),('오오키 베이크','부드러운',1),('오오키 베이크','뷰',1),('오오키 베이크','샌드위치',1),('오오키 베이크','스콘',22),('오오키 베이크','예약',3),('오오키 베이크','위치',1),('오오키 베이크','친절',13),('오오키 베이크','카페',1),('오오키 베이크','커피',1),('오피셜커피','가격',4),('오피셜커피','디저트',13),('오피셜커피','딸기라떼',9),('오피셜커피','라떼',20),('오피셜커피','밀크티',3),('오피셜커피','배달',1),('오피셜커피','분위기',48),('오피셜커피','뷰',3),('오피셜커피','빈티지',4),('오피셜커피','스무디',1),('오피셜커피','신맛',2),('오피셜커피','아늑한',1),('오피셜커피','아메리카노',3),('오피셜커피','아이스티',2),('오피셜커피','와플',1),('오피셜커피','음악',1),('오피셜커피','의자',1),('오피셜커피','인테리어',8),('오피셜커피','자몽에이드',1),('오피셜커피','조명',4),('오피셜커피','치즈케이크',1),('오피셜커피','친절',15),('오피셜커피','카페',32),('오피셜커피','커피',52),('오피셜커피','케이크',12),('오피셜커피','쿠폰',3),('오피셜커피','테라스',1),('오피셜커피','테이블',3),('오피셜커피','테이크아웃',1),('오피셜커피','편안한',1),('오피셜커피','화장실',1),('온아워오프','디저트',14),('온아워오프','딸기라떼',1),('온아워오프','라떼',30),('온아워오프','마들렌',2),('온아워오프','머핀',1),('온아워오프','모카',1),('온아워오프','부드러운',1),('온아워오프','분위기',17),('온아워오프','브런치',1),('온아워오프','샌드위치',27),('온아워오프','아메리카노',2),('온아워오프','예약',1),('온아워오프','위치',28),('온아워오프','음악',2),('온아워오프','의자',2),('온아워오프','인테리어',8),('온아워오프','자몽에이드',1),('온아워오프','조용한',2),('온아워오프','주차',1),('온아워오프','청결',1),('온아워오프','친절',11),('온아워오프','카페',47),('온아워오프','카페라떼',4),('온아워오프','커피',29),('온아워오프','타르트',19),('온아워오프','테이크아웃',1),('온아워오프','편안한',1),('온아워오프','푸딩',1),('와플 스타','가격',3),('와플 스타','디저트',1),('와플 스타','뷰',1),('와플 스타','서비스',1),('와플 스타','아이스크림',4),('와플 스타','와플',52),('와플 스타','위치',1),('와플 스타','청결',1),('와플 스타','친절',6),('요거트아이스크림의정석 공릉점','단골',2),('요거트아이스크림의정석 공릉점','디저트',1),('요거트아이스크림의정석 공릉점','배달',1),('요거트아이스크림의정석 공릉점','뷰',4),('요거트아이스크림의정석 공릉점','서비스',3),('요거트아이스크림의정석 공릉점','아이스크림',8),('요거트아이스크림의정석 공릉점','친절',5),('요고프로즌요거트 공릉점','가격',1),('요고프로즌요거트 공릉점','단골',1),('요고프로즌요거트 공릉점','디저트',4),('요고프로즌요거트 공릉점','부드러운',1),('요고프로즌요거트 공릉점','분위기',3),('요고프로즌요거트 공릉점','서비스',2),('요고프로즌요거트 공릉점','아늑한',1),('요고프로즌요거트 공릉점','아이스크림',33),('요고프로즌요거트 공릉점','인테리어',2),('요고프로즌요거트 공릉점','주차',1),('요고프로즌요거트 공릉점','청결',1),('요고프로즌요거트 공릉점','친절',29),('요고프로즌요거트 공릉점','카페',2),('요고프로즌요거트 공릉점','커피',2),('요고프로즌요거트 공릉점','테이블',1),('요고프로즌요거트 공릉점','플레인 요거트',2),('요고프로즌요거트 공릉점','화장실',1),('요커 공릉점','가격',1),('요커 공릉점','강한 맛',1),('요커 공릉점','단골',1),('요커 공릉점','디저트',1),('요커 공릉점','라떼',1),('요커 공릉점','배달',3),('요커 공릉점','베이글',6),('요커 공릉점','분위기',1),('요커 공릉점','뷰',1),('요커 공릉점','예약',1),('요커 공릉점','위치',1),('요커 공릉점','인테리어',1),('요커 공릉점','친절',1),('요커 공릉점','카페',2),('요커 공릉점','커피',3),('요커 공릉점','테이블',1),('요커 공릉점','플레인 요거트',1),('우아즈','가격',1),('우아즈','고소한',1),('우아즈','귤차',2),('우아즈','단골',2),('우아즈','디저트',27),('우아즈','딸기라떼',1),('우아즈','떡',1),('우아즈','라떼',30),('우아즈','밀크티',6),('우아즈','부드러운',2),('우아즈','분위기',73),('우아즈','뷰',1),('우아즈','서비스',2),('우아즈','스콘',1),('우아즈','아늑한',5),('우아즈','아메리카노',7),('우아즈','아이스크림',17),('우아즈','예약',1),('우아즈','와플',3),('우아즈','위치',2),('우아즈','음악',2),('우아즈','의자',3),('우아즈','인절미',7),('우아즈','인테리어',27),('우아즈','자몽에이드',1),('우아즈','정원',1),('우아즈','조명',2),('우아즈','좌석',7),('우아즈','청귤에이드',2),('우아즈','초코라떼',2),('우아즈','친절',45),('우아즈','친절한',1),('우아즈','카페',81),('우아즈','카페라떼',1),('우아즈','커피',43),('우아즈','케이크',21),('우아즈','콜드브루',1),('우아즈','테라스',5),('우아즈','테이블',3),('우아즈','편안한',1),('우아즈','포토존',4),('우아즈','플레이팅',2),('우아즈','호떡',1),('우아즈','홍차',3),('위플랜트위커피','가격',6),('위플랜트위커피','녹차라떼',1),('위플랜트위커피','단골',1),('위플랜트위커피','디저트',17),('위플랜트위커피','딸기라떼',4),('위플랜트위커피','떡',1),('위플랜트위커피','라떼',26),('위플랜트위커피','마들렌',1),('위플랜트위커피','밀크티',2),('위플랜트위커피','분위기',48),('위플랜트위커피','뷰',3),('위플랜트위커피','스콘',3),('위플랜트위커피','아늑한',5),('위플랜트위커피','아메리카노',7),('위플랜트위커피','아이스크림',8),('위플랜트위커피','와이파이',1),('위플랜트위커피','와플',6),('위플랜트위커피','위치',1),('위플랜트위커피','의자',2),('위플랜트위커피','인테리어',41),('위플랜트위커피','좌석',6),('위플랜트위커피','책장',1),('위플랜트위커피','치즈케이크',3),('위플랜트위커피','친절',15),('위플랜트위커피','카페',52),('위플랜트위커피','커피',58),('위플랜트위커피','케이크',4),('위플랜트위커피','크로와상',3),('위플랜트위커피','테라스',1),('위플랜트위커피','테이크아웃',1),('위플랜트위커피','편안한',2),('위플랜트위커피','플랫화이트',2),('위플랜트위커피','핫초코',1),('위플랜트위커피','화장실',5),('유니온커피로스터','가격',3),('유니온커피로스터','고소한',1),('유니온커피로스터','귤차',2),('유니온커피로스터','다과',1),('유니온커피로스터','더치커피',1),('유니온커피로스터','드립커피',3),('유니온커피로스터','디저트',5),('유니온커피로스터','디카페인',1),('유니온커피로스터','딸기라떼',4),('유니온커피로스터','라떼',28),('유니온커피로스터','레몬에이드',3),('유니온커피로스터','마들렌',2),('유니온커피로스터','마카롱',1),('유니온커피로스터','모카',2),('유니온커피로스터','분위기',18),('유니온커피로스터','뷰',1),('유니온커피로스터','브루잉',1),('유니온커피로스터','서비스',2),('유니온커피로스터','스무디',1),('유니온커피로스터','쓴맛',1),('유니온커피로스터','아메리카노',7),('유니온커피로스터','아이스티',1),('유니온커피로스터','음악',1),('유니온커피로스터','의자',2),('유니온커피로스터','인테리어',2),('유니온커피로스터','조용한',2),('유니온커피로스터','좌석',1),('유니온커피로스터','주차',1),('유니온커피로스터','청귤에이드',2),('유니온커피로스터','초코케이크',1),('유니온커피로스터','치즈케이크',2),('유니온커피로스터','친절',18),('유니온커피로스터','친절한',3),('유니온커피로스터','카페',17),('유니온커피로스터','카페라떼',2),('유니온커피로스터','카페모카',1),('유니온커피로스터','커피',99),('유니온커피로스터','커피 원두',3),('유니온커피로스터','케이크',9),('유니온커피로스터','쿠폰',1),('유니온커피로스터','테이블',3),('유니온커피로스터','핸드드립',1),('유니온커피로스터','화장실',2),('이디야커피 월계이마트점','가격',3),('이디야커피 월계이마트점','고소한',1),('이디야커피 월계이마트점','라떼',6),('이디야커피 월계이마트점','분위기',4),('이디야커피 월계이마트점','붕어빵',1),('이디야커피 월계이마트점','서비스',1),('이디야커피 월계이마트점','슈크림',1),('이디야커피 월계이마트점','아메리카노',1),('이디야커피 월계이마트점','와플',1),('이디야커피 월계이마트점','위치',1),('이디야커피 월계이마트점','좌석',2),('이디야커피 월계이마트점','주차',3),('이디야커피 월계이마트점','친절',22),('이디야커피 월계이마트점','카페',4),('이디야커피 월계이마트점','카페라떼',2),('이디야커피 월계이마트점','커피',29),('이디야커피 월계이마트점','콜드브루',1),('이디야커피 월계이마트점','테이블',1),('찹쌀미친꽈배기 공릉점','가격',2),('찹쌀미친꽈배기 공릉점','배달',2),('찹쌀미친꽈배기 공릉점','뷰',1),('찹쌀미친꽈배기 공릉점','청결',1),('찹쌀미친꽈배기 공릉점','친절',31),('찹쌀미친꽈배기 공릉점','친절한',1),('찹쌀미친꽈배기 공릉점','핫도그',7),('청자다방 공릉점','가격',17),('청자다방 공릉점','단골',3),('청자다방 공릉점','라떼',50),('청자다방 공릉점','마카롱',6),('청자다방 공릉점','배달',1),('청자다방 공릉점','분위기',4),('청자다방 공릉점','뷰',2),('청자다방 공릉점','서비스',2),('청자다방 공릉점','아메리카노',5),('청자다방 공릉점','인테리어',3),('청자다방 공릉점','좌석',2),('청자다방 공릉점','친절',74),('청자다방 공릉점','친절한',2),('청자다방 공릉점','카페',9),('청자다방 공릉점','커피',33),('청자다방 공릉점','테이크아웃',1),('청자다방 공릉점','편안한',1),('카페 공동','가격',3),('카페 공동','디저트',9),('카페 공동','딸기라떼',6),('카페 공동','라떼',48),('카페 공동','밀크티',1),('카페 공동','분위기',52),('카페 공동','뷰',10),('카페 공동','브라우니',2),('카페 공동','서비스',2),('카페 공동','아늑한',7),('카페 공동','아메리카노',5),('카페 공동','위치',3),('카페 공동','음악',2),('카페 공동','인테리어',6),('카페 공동','조용한',3),('카페 공동','청결',1),('카페 공동','초코라떼',1),('카페 공동','치즈케이크',8),('카페 공동','친절',25),('카페 공동','친절한',1),('카페 공동','카페',50),('카페 공동','카페라떼',1),('카페 공동','커피',52),('카페 공동','케이크',9),('카페 공동','쿠폰',1),('카페 공동','테라스',5),('카페 공동','테이블',2),('카페 공동','테이크아웃',1),('카페 공동','편안한',2),('카페 공동','핫초코',2),('카페 공동','화장실',1),('카페 오어낫','고소한',4),('카페 오어낫','단 커피',1),('카페 오어낫','단골',2),('카페 오어낫','디자인',1),('카페 오어낫','디저트',23),('카페 오어낫','디카페인',5),('카페 오어낫','떡',1),('카페 오어낫','라떼',20),('카페 오어낫','모던',2),('카페 오어낫','밀크티',1),('카페 오어낫','분위기',43),('카페 오어낫','뷰',3),('카페 오어낫','브라우니',2),('카페 오어낫','샌드위치',2),('카페 오어낫','서비스',2),('카페 오어낫','아메리카노',10),('카페 오어낫','아이스크림',3),('카페 오어낫','에스프레소',1),('카페 오어낫','위치',6),('카페 오어낫','음악',7),('카페 오어낫','인테리어',19),('카페 오어낫','자몽에이드',2),('카페 오어낫','조명',5),('카페 오어낫','치즈케이크',1),('카페 오어낫','친절',30),('카페 오어낫','친절한',1),('카페 오어낫','카페',69),('카페 오어낫','카페라떼',3),('카페 오어낫','커피',69),('카페 오어낫','커피 원두',1),('카페 오어낫','케이크',3),('카페 오어낫','쿠폰',3),('카페 오어낫','테라스',3),('카페 오어낫','테이블',2),('카페 오어낫','테이크아웃',1),('카페 오어낫','티라미수',1),('카페 오어낫','푸딩',17),('카페 오어낫','플레이팅',1),('카페 오어낫','화장실',1),('카페루바토','가격',17),('카페루바토','귤차',5),('카페루바토','녹차라떼',1),('카페루바토','단골',2),('카페루바토','딸기라떼',2),('카페루바토','라떼',10),('카페루바토','레몬에이드',1),('카페루바토','모카',4),('카페루바토','분위기',17),('카페루바토','서비스',2),('카페루바토','스무디',3),('카페루바토','아늑한',2),('카페루바토','아메리카노',3),('카페루바토','아이스크림',2),('카페루바토','와이파이',1),('카페루바토','요거트스무디',1),('카페루바토','위치',3),('카페루바토','음악',5),('카페루바토','인테리어',4),('카페루바토','정원',3),('카페루바토','친절',19),('카페루바토','카페',46),('카페루바토','카페라떼',1),('카페루바토','카페모카',3),('카페루바토','커피',39),('카페루바토','쿠폰',1),('카페루바토','팥빙수',6),('카페루바토','편안한',1),('카페민','가격',3),('카페민','강정',6),('카페민','디저트',1),('카페민','떡',13),('카페민','떡볶이',13),('카페민','라떼',1),('카페민','마카롱',1),('카페민','배달',1),('카페민','분위기',1),('카페민','뷰',1),('카페민','샌드위치',1),('카페민','서비스',1),('카페민','아메리카노',1),('카페민','위치',2),('카페민','청결',1),('카페민','친절',8),('카페민','카페',16),('카페민','커피',20),('카페민','테이크아웃',2),('카페인중독 노원점','가격',1),('카페인중독 노원점','단골',1),('카페인중독 노원점','디저트',2),('카페인중독 노원점','떡',4),('카페인중독 노원점','떡볶이',3),('카페인중독 노원점','모카',1),('카페인중독 노원점','배달',2),('카페인중독 노원점','뷰',1),('카페인중독 노원점','아메리카노',1),('카페인중독 노원점','와플',38),('카페인중독 노원점','인절미',1),('카페인중독 노원점','좌석',1),('카페인중독 노원점','청결',1),('카페인중독 노원점','친절',14),('카페인중독 노원점','친절한',1),('카페인중독 노원점','카페',6),('카페인중독 노원점','카페모카',1),('카페인중독 노원점','커피',17),('카페인중독 노원점','핫도그',1),('칸텐','가격',11),('칸텐','고소한',1),('칸텐','단골',2),('칸텐','떡',2),('칸텐','떡볶이',1),('칸텐','베이글',3),('칸텐','부드러운',3),('칸텐','부드러운 맛',1),('칸텐','분위기',1),('칸텐','뷰',2),('칸텐','브라우니',1),('칸텐','브런치',2),('칸텐','샌드위치',1),('칸텐','스콘',17),('칸텐','신맛',1),('칸텐','위치',2),('칸텐','음악',1),('칸텐','청결',1),('칸텐','친절',32),('칸텐','친절한',1),('칸텐','커피',2),('칸텐','크로와상',3),('칸텐','타르트',32),('칸텐','테이크아웃',1),('커피스피릿','가격',2),('커피스피릿','고소한',3),('커피스피릿','단 커피',1),('커피스피릿','단골',2),('커피스피릿','단맛',1),('커피스피릿','디저트',29),('커피스피릿','디카페인',4),('커피스피릿','딸기라떼',4),('커피스피릿','라떼',58),('커피스피릿','모던',1),('커피스피릿','밀크티',1),('커피스피릿','분위기',24),('커피스피릿','뷰',2),('커피스피릿','빈티지',1),('커피스피릿','서비스',1),('커피스피릿','아메리카노',10),('커피스피릿','예약',1),('커피스피릿','위치',1),('커피스피릿','음악',10),('커피스피릿','의자',1),('커피스피릿','인테리어',28),('커피스피릿','청결',1),('커피스피릿','친절',24),('커피스피릿','카페',60),('커피스피릿','카페라떼',2),('커피스피릿','커피',79),('커피스피릿','케이크',1),('커피스피릿','테이블',2),('커피스피릿','테이크아웃',5),('커피스피릿','티라미수',16),('커피스피릿','파운드케이크',1),('커피스피릿','편안한',2),('커피스피릿','포토존',1),('커피스피릿','푸딩',3),('커피제이','가격',1),('커피제이','단골',3),('커피제이','디저트',1),('커피제이','라떼',2),('커피제이','서비스',3),('커피제이','스무디',1),('커피제이','자몽에이드',1),('커피제이','친절',5),('커피제이','친절한',1),('커피제이','카페',3),('커피제이','카페라떼',1),('커피제이','커피',7),('커피콩','가격',10),('커피콩','과일 향',1),('커피콩','단골',3),('커피콩','디저트',3),('커피콩','딸기라떼',1),('커피콩','떡',3),('커피콩','라떼',4),('커피콩','마카롱',4),('커피콩','배달',2),('커피콩','분위기',3),('커피콩','붕어빵',2),('커피콩','뷰',3),('커피콩','서비스',3),('커피콩','아메리카노',1),('커피콩','아이스크림',24),('커피콩','예약',1),('커피콩','위치',2),('커피콩','인테리어',1),('커피콩','자몽에이드',1),('커피콩','좌석',2),('커피콩','찹쌀떡',1),('커피콩','친절',21),('커피콩','카페',13),('커피콩','커피',50),('커피콩','타르트',1),('커피콩','테이블',8),('커피콩','팥빙수',5),('컴포즈커피 공릉경춘선숲길점','라떼',4),('컴포즈커피 공릉경춘선숲길점','아이스크림',5),('컴포즈커피 공릉경춘선숲길점','친절',2),('컴포즈커피 공릉경춘선숲길점','카페',1),('컴포즈커피 공릉경춘선숲길점','커피',2),('쿠키순이','가격',6),('쿠키순이','고소한',2),('쿠키순이','단골',1),('쿠키순이','단맛',1),('쿠키순이','디저트',6),('쿠키순이','떡',1),('쿠키순이','라떼',2),('쿠키순이','레몬에이드',2),('쿠키순이','모카',3),('쿠키순이','분위기',1),('쿠키순이','뷰',1),('쿠키순이','브라우니',6),('쿠키순이','서비스',1),('쿠키순이','아늑한',1),('쿠키순이','아메리카노',1),('쿠키순이','아이스크림',1),('쿠키순이','아이스티',2),('쿠키순이','예약',1),('쿠키순이','위치',1),('쿠키순이','자몽에이드',1),('쿠키순이','친절',8),('쿠키순이','카페',7),('쿠키순이','카페라떼',1),('쿠키순이','커피',13),('키트','디자인',1),('키트','친절',4),('키트','카페',1),('키트','커피',2),('키트','케이크',1),('트리킹즈커피 공릉점','귤차',1),('트리킹즈커피 공릉점','라떼',2),('트리킹즈커피 공릉점','분위기',2),('트리킹즈커피 공릉점','아메리카노',1),('트리킹즈커피 공릉점','위치',1),('트리킹즈커피 공릉점','인테리어',1),('트리킹즈커피 공릉점','자몽에이드',1),('트리킹즈커피 공릉점','초코라떼',1),('트리킹즈커피 공릉점','친절',8),('트리킹즈커피 공릉점','커피',7),('트리플에이커피 공릉역점','가격',9),('트리플에이커피 공릉역점','녹차라떼',1),('트리플에이커피 공릉역점','디저트',4),('트리플에이커피 공릉역점','디카페인',5),('트리플에이커피 공릉역점','떡',1),('트리플에이커피 공릉역점','라떼',8),('트리플에이커피 공릉역점','마카롱',2),('트리플에이커피 공릉역점','모카',1),('트리플에이커피 공릉역점','밀크티',1),('트리플에이커피 공릉역점','부드러운',1),('트리플에이커피 공릉역점','부드러운 맛',1),('트리플에이커피 공릉역점','분위기',3),('트리플에이커피 공릉역점','붕어빵',4),('트리플에이커피 공릉역점','샌드위치',2),('트리플에이커피 공릉역점','스무디',1),('트리플에이커피 공릉역점','쓴맛',1),('트리플에이커피 공릉역점','아메리카노',3),('트리플에이커피 공릉역점','아이스티',1),('트리플에이커피 공릉역점','와플',5),('트리플에이커피 공릉역점','위치',2),('트리플에이커피 공릉역점','의자',1),('트리플에이커피 공릉역점','인테리어',1),('트리플에이커피 공릉역점','조용한',1),('트리플에이커피 공릉역점','친절',17),('트리플에이커피 공릉역점','카페',10),('트리플에이커피 공릉역점','카페모카',1),('트리플에이커피 공릉역점','커피',60),('트리플에이커피 공릉역점','케이크',1),('트리플에이커피 공릉역점','테이크아웃',1),('트리플에이커피 공릉역점','호떡',1),('트위그 페스츄리','가격',1),('트위그 페스츄리','고소한',2),('트위그 페스츄리','단골',2),('트위그 페스츄리','단맛',1),('트위그 페스츄리','더치커피',1),('트위그 페스츄리','디저트',2),('트위그 페스츄리','배달',3),('트위그 페스츄리','부드러운',1),('트위그 페스츄리','뷰',2),('트위그 페스츄리','서비스',1),('트위그 페스츄리','아메리카노',1),('트위그 페스츄리','예약',1),('트위그 페스츄리','인테리어',1),('트위그 페스츄리','좌석',1),('트위그 페스츄리','친절',8),('트위그 페스츄리','커피',2),('트위그 페스츄리','케이크',1),('트위그 페스츄리','쿠폰',1),('트위그 페스츄리','크로와상',9),('트위그 페스츄리','타르트',11),('트위그 페스츄리','테이크아웃',1),('팝케이크팝','아메리카노',1),('팝케이크팝','케이크',3),('포멜로우','가격',6),('포멜로우','고소한',2),('포멜로우','깊은 맛',1),('포멜로우','단골',4),('포멜로우','단맛',3),('포멜로우','디자인',1),('포멜로우','디저트',172),('포멜로우','디카페인',2),('포멜로우','딸기라떼',1),('포멜로우','떡',2),('포멜로우','라떼',19),('포멜로우','레몬에이드',1),('포멜로우','마들렌',18),('포멜로우','밀크티',1),('포멜로우','배달',2),('포멜로우','부드러운',2),('포멜로우','분위기',36),('포멜로우','뷰',3),('포멜로우','서비스',3),('포멜로우','슈크림',1),('포멜로우','신맛',1),('포멜로우','쓴맛',1),('포멜로우','아늑한',2),('포멜로우','아메리카노',16),('포멜로우','약과',3),('포멜로우','예약',9),('포멜로우','인테리어',16),('포멜로우','조각케이크',3),('포멜로우','조용한',5),('포멜로우','좌석',1),('포멜로우','주차',3),('포멜로우','초코케이크',3),('포멜로우','친절',64),('포멜로우','친절한',5),('포멜로우','카페',63),('포멜로우','카페라떼',1),('포멜로우','커피',70),('포멜로우','케이크',105),('포멜로우','콜드브루',1),('포멜로우','콩떡',1),('포멜로우','타르트',9),('포멜로우','테이블',3),('포멜로우','테이크아웃',1),('포멜로우','편안한',1),('프로젝트서울 과기대점','가격',2),('프로젝트서울 과기대점','디자인',4),('프로젝트서울 과기대점','예약',2),('프로젝트서울 과기대점','인절미',2),('프로젝트서울 과기대점','인테리어',4),('프로젝트서울 과기대점','카페',1),('프로젝트서울 과기대점','커피',2),('피에스타7커피 공리단길점','가격',8),('피에스타7커피 공리단길점','구수한',1),('피에스타7커피 공리단길점','녹차라떼',1),('피에스타7커피 공리단길점','딸기라떼',4),('피에스타7커피 공리단길점','라떼',11),('피에스타7커피 공리단길점','베이글',1),('피에스타7커피 공리단길점','분위기',6),('피에스타7커피 공리단길점','뷰',4),('피에스타7커피 공리단길점','브라우니',1),('피에스타7커피 공리단길점','서비스',1),('피에스타7커피 공리단길점','스무디',4),('피에스타7커피 공리단길점','아메리카노',4),('피에스타7커피 공리단길점','아이스크림',9),('피에스타7커피 공리단길점','위치',2),('피에스타7커피 공리단길점','음악',1),('피에스타7커피 공리단길점','인테리어',2),('피에스타7커피 공리단길점','청결',1),('피에스타7커피 공리단길점','초코라떼',1),('피에스타7커피 공리단길점','친절',15),('피에스타7커피 공리단길점','카페',12),('피에스타7커피 공리단길점','카페라떼',1),('피에스타7커피 공리단길점','커피',32),('피에스타7커피 공리단길점','쿠폰',1),('피에스타7커피 공리단길점','테이크아웃',3),('피에스타7커피 공리단길점','화장실',3),('형광커피','가격',1),('형광커피','디카페인',5),('형광커피','라떼',6),('형광커피','레몬에이드',1),('형광커피','로스터리',1),('형광커피','마들렌',1),('형광커피','뷰',1),('형광커피','아메리카노',3),('형광커피','친절',9),('형광커피','카페',10),('형광커피','커피',55),('형광커피','플랫화이트',1),('형광커피','핸드드립',3),('호이폴로이커피로스터스','가격',10),('호이폴로이커피로스터스','고소한',7),('호이폴로이커피로스터스','단골',6),('호이폴로이커피로스터스','드립커피',12),('호이폴로이커피로스터스','디저트',98),('호이폴로이커피로스터스','디카페인',13),('호이폴로이커피로스터스','떡',2),('호이폴로이커피로스터스','라떼',59),('호이폴로이커피로스터스','로스터리',1),('호이폴로이커피로스터스','마들렌',4),('호이폴로이커피로스터스','모던',1),('호이폴로이커피로스터스','배달',3),('호이폴로이커피로스터스','부드러운',1),('호이폴로이커피로스터스','분위기',85),('호이폴로이커피로스터스','뷰',7),('호이폴로이커피로스터스','서비스',1),('호이폴로이커피로스터스','스콘',10),('호이폴로이커피로스터스','신맛',1),('호이폴로이커피로스터스','아늑한',4),('호이폴로이커피로스터스','아메리카노',7),('호이폴로이커피로스터스','아이스커피',4),('호이폴로이커피로스터스','아이스크림',1),('호이폴로이커피로스터스','에스프레소',5),('호이폴로이커피로스터스','위치',2),('호이폴로이커피로스터스','음악',9),('호이폴로이커피로스터스','인테리어',10),('호이폴로이커피로스터스','조명',1),('호이폴로이커피로스터스','주차',2),('호이폴로이커피로스터스','친절',65),('호이폴로이커피로스터스','친절한',4),('호이폴로이커피로스터스','카페',126),('호이폴로이커피로스터스','카페라떼',3),('호이폴로이커피로스터스','카푸치노',4),('호이폴로이커피로스터스','커피',421),('호이폴로이커피로스터스','커피 원두',4),('호이폴로이커피로스터스','케이크',2),('호이폴로이커피로스터스','테이블',3),('호이폴로이커피로스터스','테이크아웃',7),('호이폴로이커피로스터스','편안한',1),('호이폴로이커피로스터스','플랫화이트',5),('호이폴로이커피로스터스','핫초코',1),('호이폴로이커피로스터스','핸드드립',9),('휘드카페 공릉점','가격',10),('휘드카페 공릉점','고소한',1),('휘드카페 공릉점','단골',6),('휘드카페 공릉점','드립커피',2),('휘드카페 공릉점','디저트',2),('휘드카페 공릉점','디카페인',1),('휘드카페 공릉점','라떼',19),('휘드카페 공릉점','마카롱',11),('휘드카페 공릉점','분위기',1),('휘드카페 공릉점','아메리카노',3),('휘드카페 공릉점','아이스티',1),('휘드카페 공릉점','음악',1),('휘드카페 공릉점','인테리어',1),('휘드카페 공릉점','자몽에이드',1),('휘드카페 공릉점','주차',1),('휘드카페 공릉점','친절',51),('휘드카페 공릉점','친절한',1),('휘드카페 공릉점','카페',16),('휘드카페 공릉점','카페라떼',1),('휘드카페 공릉점','카푸치노',1),('휘드카페 공릉점','커피',57),('휘드카페 공릉점','테이크아웃',2),('휘드카페 공릉점','포토존',1),('휘드카페 공릉점','핸드드립',1),('휘드카페 하계점','가격',17),('휘드카페 하계점','고소한',2),('휘드카페 하계점','단골',5),('휘드카페 하계점','단맛',1),('휘드카페 하계점','디저트',9),('휘드카페 하계점','라떼',5),('휘드카페 하계점','마카롱',7),('휘드카페 하계점','모카',3),('휘드카페 하계점','밀크티',1),('휘드카페 하계점','배달',3),('휘드카페 하계점','부드러운',1),('휘드카페 하계점','분위기',17),('휘드카페 하계점','뷰',4),('휘드카페 하계점','샌드위치',4),('휘드카페 하계점','서비스',4),('휘드카페 하계점','스무디',3),('휘드카페 하계점','쓴 커피',1),('휘드카페 하계점','아메리카노',19),('휘드카페 하계점','아이스티',2),('휘드카페 하계점','와플',3),('휘드카페 하계점','위치',4),('휘드카페 하계점','의자',1),('휘드카페 하계점','인절미',1),('휘드카페 하계점','인테리어',10),('휘드카페 하계점','조용한',1),('휘드카페 하계점','주차',1),('휘드카페 하계점','청결',1),('휘드카페 하계점','친절',62),('휘드카페 하계점','친절한',1),('휘드카페 하계점','카페',34),('휘드카페 하계점','카페모카',1),('휘드카페 하계점','카푸치노',1),('휘드카페 하계점','커피',96),('휘드카페 하계점','콜드브루',3),('휘드카페 하계점','테라스',1),('휘드카페 하계점','테이블',2),('휘드카페 하계점','테이크아웃',2);
